--
-- PostgreSQL database dump
--

-- Dumped from database version 14.18 (Homebrew)
-- Dumped by pg_dump version 14.18 (Homebrew)

SET statement_timeout = 0;
SET lock_timeout = 0;
SET idle_in_transaction_session_timeout = 0;
SET client_encoding = 'UTF8';
SET standard_conforming_strings = on;
SELECT pg_catalog.set_config('search_path', '', false);
SET check_function_bodies = false;
SET xmloption = content;
SET client_min_messages = warning;
SET row_security = off;

--
-- Data for Name: User; Type: TABLE DATA; Schema: public; Owner: litai
--

COPY public."User" (id, email, phone, "passwordHash", name, "avatarUrl", role, status, "lastLoginAt", "createdAt", "updatedAt") FROM stdin;
11ee627a-fc52-4a73-88c7-19e265818e96	test@example.com	13888888888	$2a$10$0jH6TcNkqgm2FxLKquEBzOIeCYRjX4m7tohazR3ll.sbkZGml3/DO	测试用户	\N	user	active	\N	2025-09-25 04:04:33.743	2025-09-25 04:04:33.743
a6b4e3f4-add1-48a4-a979-6e3c603e6950	\N	13023937981	$2a$10$rcocuVxs2bncsS7GX53c9.C4x62aABbktON3KhWjyOFIhzs/ElrgW	7981	\N	user	active	\N	2025-09-25 15:01:55.604	2025-09-25 15:01:55.604
\.


--
-- Data for Name: Project; Type: TABLE DATA; Schema: public; Owner: litai
--

COPY public."Project" (id, "userId", name, "ossPrefix", "mainKey", "createdAt", "updatedAt", "contentVersion") FROM stdin;
77e26490-6d08-4ead-93c0-62af3b379a47	11ee627a-fc52-4a73-88c7-19e265818e96	123	projects/11ee627a-fc52-4a73-88c7-19e265818e96/77e26490-6d08-4ead-93c0-62af3b379a47/	projects/11ee627a-fc52-4a73-88c7-19e265818e96/77e26490-6d08-4ead-93c0-62af3b379a47/project.json	2025-09-25 07:48:08.808	2025-09-25 07:48:24.401	1
88847984-e299-4583-844d-a76c1befbce3	a6b4e3f4-add1-48a4-a979-6e3c603e6950	002	projects/a6b4e3f4-add1-48a4-a979-6e3c603e6950/88847984-e299-4583-844d-a76c1befbce3/	projects/a6b4e3f4-add1-48a4-a979-6e3c603e6950/88847984-e299-4583-844d-a76c1befbce3/project.json	2025-10-10 08:10:07.777	2025-10-10 08:10:11.481	1
5ba30b98-0596-4997-9148-c4ea29789ee8	a6b4e3f4-add1-48a4-a979-6e3c603e6950	001	projects/a6b4e3f4-add1-48a4-a979-6e3c603e6950/5ba30b98-0596-4997-9148-c4ea29789ee8/	projects/a6b4e3f4-add1-48a4-a979-6e3c603e6950/5ba30b98-0596-4997-9148-c4ea29789ee8/project.json	2025-10-10 07:49:36.462	2025-10-10 08:15:54.735	9
\.


--
-- Data for Name: RefreshToken; Type: TABLE DATA; Schema: public; Owner: litai
--

COPY public."RefreshToken" (id, "userId", "tokenHash", "userAgent", ip, "isRevoked", "expiresAt", "createdAt") FROM stdin;
22edccb7-e81a-473e-888e-664c1a5dd64a	a6b4e3f4-add1-48a4-a979-6e3c603e6950	$2a$10$qsTqukFGQwI1JFj6mu6Pu.6laScb3LvKV/G8upWnCnB9OyZCEo4Ja	\N	\N	t	2025-10-28 06:16:14.01	2025-09-28 06:16:14.011
47e3d0e7-d782-4567-ae7a-b3e280d3a6fb	11ee627a-fc52-4a73-88c7-19e265818e96	$2a$10$eLzpTQ8fz0NPtjGq8NCP3O6m/YOpMMt/P.pRJ/ZWRd2QouVxYZVUe	curl/8.1.1	127.0.0.1	t	2025-10-25 04:04:47.475	2025-09-25 04:04:47.476
2ea9211c-c9b5-4aa2-a43a-a7d7fa853d0c	11ee627a-fc52-4a73-88c7-19e265818e96	$2a$10$1S.7S4jCwc50qKM.seMJD.GV.3pyruVkNEp1qnIOt2Nv4hGCRdvHq	Mozilla/5.0 (Macintosh; Intel Mac OS X 10_15_7) AppleWebKit/605.1.15 (KHTML, like Gecko) Version/18.5 Safari/605.1.15	127.0.0.1	t	2025-10-25 07:21:21.169	2025-09-25 07:21:21.17
0090fef0-457c-45a0-86b9-8239a18d1bfe	11ee627a-fc52-4a73-88c7-19e265818e96	$2a$10$iEq4wQWF/pMn1xdiL9h8Mu6iQDo6Ofp46rkYSjxtWxMIKfu1Z8sCy	curl/8.1.1	127.0.0.1	t	2025-10-25 07:30:05.658	2025-09-25 07:30:05.659
a9ae1f70-1b5d-4ff0-84b7-bb7594c05e91	11ee627a-fc52-4a73-88c7-19e265818e96	$2a$10$0EFHvFGvxuw7yxYBxhkxV.5ekamHfvuxw/fOxh2etMKleOitYQP5W	Mozilla/5.0 (Macintosh; Intel Mac OS X 10_15_7) AppleWebKit/605.1.15 (KHTML, like Gecko) Version/18.5 Safari/605.1.15	127.0.0.1	t	2025-10-25 07:43:53.013	2025-09-25 07:43:53.014
be129e0c-532a-44aa-980d-e21b4d2f3468	11ee627a-fc52-4a73-88c7-19e265818e96	$2a$10$Mdh4H4tIqdSL2gP8iNMIuePy5jYZnQy78BbopLRdNyOwaUkhO/7KC	Mozilla/5.0 (Macintosh; Intel Mac OS X 10_15_7) AppleWebKit/605.1.15 (KHTML, like Gecko) Version/18.5 Safari/605.1.15	127.0.0.1	t	2025-10-25 08:04:10.511	2025-09-25 08:04:10.511
c5b06ffc-2627-4cc9-aeb2-0d744389af47	a6b4e3f4-add1-48a4-a979-6e3c603e6950	$2a$10$RY1Cd6MjSWMTvQo3KE/WyeMOd.8g8NTKbHhWI8XS9/REGQ2fvtedy	\N	\N	t	2025-10-28 06:49:46.307	2025-09-28 06:49:46.308
34d13aec-54bf-4f18-9cec-c74f2cb51479	11ee627a-fc52-4a73-88c7-19e265818e96	$2a$10$rj7bLxWJ6B4lVUfrFXvkQ.28XCHJQP12T0WBU.KDXMKkk/.RfN/7m	Mozilla/5.0 (Macintosh; Intel Mac OS X 10_15_7) AppleWebKit/605.1.15 (KHTML, like Gecko) Version/18.5 Safari/605.1.15	127.0.0.1	t	2025-10-25 08:04:37.38	2025-09-25 08:04:37.381
8907192e-8040-4f89-a866-5f456902c580	11ee627a-fc52-4a73-88c7-19e265818e96	$2a$10$9o8FkuLM1NIyU1TblMRRUuBXo0FDm1hhcGlugTlvlFGcSLeOCxZoO	Mozilla/5.0 (Macintosh; Intel Mac OS X 10_15_7) AppleWebKit/605.1.15 (KHTML, like Gecko) Version/18.5 Safari/605.1.15	127.0.0.1	t	2025-10-25 08:05:17.639	2025-09-25 08:05:17.639
6a68eeda-e304-45b5-8dbc-b4512d7c07f9	11ee627a-fc52-4a73-88c7-19e265818e96	$2a$10$0xlAJZ5Xrmaa4HAhsnGh7.9opQdUXn8/Y8zdFgEjpm3LnRxP3.4uS	Mozilla/5.0 (Macintosh; Intel Mac OS X 10_15_7) AppleWebKit/605.1.15 (KHTML, like Gecko) Version/18.5 Safari/605.1.15	127.0.0.1	t	2025-10-25 08:16:14.791	2025-09-25 08:16:14.792
3fc148e8-e17c-4700-9069-1981734b9edc	a6b4e3f4-add1-48a4-a979-6e3c603e6950	$2a$10$/3SqW6OK/wzjirRTIatb3epUbkQ5c2rbbw5Lor4J7VzDG4CKFNiAi	\N	\N	t	2025-10-28 06:32:38.009	2025-09-28 06:32:38.01
7a441f75-43b2-4ca9-9492-dcb1c6e6720f	a6b4e3f4-add1-48a4-a979-6e3c603e6950	$2a$10$GPqifW6flfIpxA5Mo8lHuunNdqQPO1zRSHTCqOzXR59qSLwZsi.VW	\N	\N	t	2025-10-29 06:25:34.628	2025-09-29 06:25:34.629
f3705fba-20fc-432e-8765-3dfe07e65011	a6b4e3f4-add1-48a4-a979-6e3c603e6950	$2a$10$U5GercSbY2IHC2FUBGSQVuveI7YEXkmki5IKdESCZSnqpX2bg4RaW	\N	\N	t	2025-11-04 14:30:00.74	2025-10-05 14:30:00.741
a3b59b3c-8ff4-47c7-92db-f3c1554e500c	11ee627a-fc52-4a73-88c7-19e265818e96	$2a$10$PPFeSmgovdznaCkmSxX/1.qGEoz0A0KOomQnRqSaNgnWnJbDZsPne	Mozilla/5.0 (Macintosh; Intel Mac OS X 10_15_7) AppleWebKit/605.1.15 (KHTML, like Gecko) Version/18.5 Safari/605.1.15	127.0.0.1	t	2025-10-25 08:22:34.967	2025-09-25 08:22:34.967
96f202af-47ac-4fc8-a4e4-d6cd3b9fe469	11ee627a-fc52-4a73-88c7-19e265818e96	$2a$10$BxIaeQR7rwFTdNpJvrq.guc39GGrtln3KNjAHwC6CzMLfOMKaGRCW	Mozilla/5.0 (Macintosh; Intel Mac OS X 10_15_7) AppleWebKit/605.1.15 (KHTML, like Gecko) Version/18.5 Safari/605.1.15	127.0.0.1	t	2025-10-25 08:43:50.417	2025-09-25 08:43:50.417
79d9a08c-7f96-4a37-ab1b-93bbefa6d974	11ee627a-fc52-4a73-88c7-19e265818e96	$2a$10$GnprQ9t0iR5fdTqQZey.vOWPqFgNcUsSMAVZGyhY2CWbxlTu.0r2i	Mozilla/5.0 (Macintosh; Intel Mac OS X 10_15_7) AppleWebKit/605.1.15 (KHTML, like Gecko) Version/18.5 Safari/605.1.15	127.0.0.1	t	2025-10-25 10:46:21.446	2025-09-25 10:46:21.446
718b4ad0-b512-4a71-a3c3-da4152de3e06	11ee627a-fc52-4a73-88c7-19e265818e96	$2a$10$mn93QMhaEt5WaQD91CjSruM/a7gSYCjlnaJwGEwFUOkgNs2.EgFdm	Mozilla/5.0 (Macintosh; Intel Mac OS X 10_15_7) AppleWebKit/605.1.15 (KHTML, like Gecko) Version/18.5 Safari/605.1.15	127.0.0.1	t	2025-10-25 11:08:24.199	2025-09-25 11:08:24.2
a7cfcfdf-c760-4d7c-9324-4a97e233c2cf	11ee627a-fc52-4a73-88c7-19e265818e96	$2a$10$ToJ/w9p1dEfP1Kga8XLKlOL2q8qfKofXu5hSOJIG72WmeySSK1E1i	Mozilla/5.0 (Macintosh; Intel Mac OS X 10_15_7) AppleWebKit/605.1.15 (KHTML, like Gecko) Version/18.5 Safari/605.1.15	127.0.0.1	t	2025-10-25 11:18:45.445	2025-09-25 11:18:45.446
694319a5-0cad-4d54-8b9b-902ce474d0ab	11ee627a-fc52-4a73-88c7-19e265818e96	$2a$10$dHnqUWz6J9dF8nfQJsdsD.Oh2nAVlquxYeuX1jdjjHaXBnOR3wDpq	Mozilla/5.0 (Macintosh; Intel Mac OS X 10_15_7) AppleWebKit/605.1.15 (KHTML, like Gecko) Version/18.5 Safari/605.1.15	127.0.0.1	f	2025-10-25 14:36:24.679	2025-09-25 14:36:24.679
50914d51-c707-4052-b702-ce65d9bce892	a6b4e3f4-add1-48a4-a979-6e3c603e6950	$2a$10$yQZQOhumZemQNIHU7N4JUuR69q28IoHkoYFFqVKaFsMf9VIRubc8C	\N	\N	t	2025-10-30 02:35:23.075	2025-09-30 02:35:23.075
9719644d-1eb6-4b32-a92c-e558284e37d0	a6b4e3f4-add1-48a4-a979-6e3c603e6950	$2a$10$JdO.jrUMh/hfxo1Gj17NVuu.k.hSQW41IydYjwiP5Ridi87ycvW46	\N	\N	t	2025-10-28 06:49:46.245	2025-09-28 06:49:46.246
8ca7b810-d82c-4561-9833-0b4ea5eb4e15	a6b4e3f4-add1-48a4-a979-6e3c603e6950	$2a$10$cIUNCJfCNor34YKk4JB7y.5pfT3AuXaE2h9BbbUEEwoPamvcZOB2W	\N	\N	t	2025-10-29 06:25:34.382	2025-09-29 06:25:34.382
7c05f896-a6d6-43cc-ba66-2f7ae3ea5755	a6b4e3f4-add1-48a4-a979-6e3c603e6950	$2a$10$D.F.XLJyZ0Xre6wLOlClme.MAVxz9bmfDo/vYKqXVGE9AzZHhm2kW	\N	\N	t	2025-10-30 02:35:23.012	2025-09-30 02:35:23.012
d754ce61-b51d-46c5-9ae2-6548d6d3b6e5	a6b4e3f4-add1-48a4-a979-6e3c603e6950	$2a$10$kjX6Qp5AAVW6y9m4ZiWk5e/1iMpkeXJc6Cr5LhflXPxmfxBItgpBe	\N	\N	t	2025-10-28 03:52:42.933	2025-09-28 03:52:42.934
a24b5bc9-7bf1-4f49-ac8f-acbc559ed3ce	a6b4e3f4-add1-48a4-a979-6e3c603e6950	$2a$10$l5f0qu35vfmkKaq486pLm.2PmT4QRyrxzI00hnGTT09JnpCj1G.ge	\N	\N	t	2025-11-08 09:27:31.349	2025-10-09 09:27:31.35
428f799e-9703-47b2-a0ed-9ecdc72dc66e	a6b4e3f4-add1-48a4-a979-6e3c603e6950	$2a$10$Dv9/SwAfIZLxyww9hqKfHuM4WP25qGSwrN1/acRueykWDoSwf6Oza	\N	\N	t	2025-10-28 06:16:13.714	2025-09-28 06:16:13.714
fe7e4c5c-f59d-4ee5-a508-4836da4ddb5c	a6b4e3f4-add1-48a4-a979-6e3c603e6950	$2a$10$dbpwElWxM2do9PRT5vkCM./FYPJoMsrJSrHzBIH.yUGaVt3GLIsVu	\N	\N	t	2025-11-04 14:30:00.681	2025-10-05 14:30:00.682
02b3cf7b-965a-4443-ae49-90b57049c937	a6b4e3f4-add1-48a4-a979-6e3c603e6950	$2a$10$BzE/YYkcn16QrOZQfggHMequycgBahmrboo3t7Gj4dhLSEHesIxaq	\N	\N	t	2025-11-08 09:27:31.349	2025-10-09 09:27:31.35
4f46ba0c-a533-4949-a5b9-5296a8f3cdd7	a6b4e3f4-add1-48a4-a979-6e3c603e6950	$2a$10$82SYWdg4Yk8CKI/B1zGnKeRTVwxJapMJpodzxmGyis.NnxhiLdHxa	\N	\N	t	2025-10-28 06:49:46.884	2025-09-28 06:49:46.885
072122d2-b234-4cc8-8ce3-ceb30fef3506	a6b4e3f4-add1-48a4-a979-6e3c603e6950	$2a$10$wiTAOs7jNwD/9cOmfICxQOosNvV.krdiRhDaya5zEh8GyAgEseUXu	\N	\N	t	2025-10-28 07:32:16.487	2025-09-28 07:32:16.487
c95b7822-b219-4b57-aee4-93b89592b1cb	a6b4e3f4-add1-48a4-a979-6e3c603e6950	$2a$10$/Sn5YzSiusqEoWq0BtKvt.CQUKlmTy/WqNtfweJ./koBxQWCOFdBW	\N	\N	t	2025-10-28 08:04:11.005	2025-09-28 08:04:11.005
ab2b939a-203d-4f63-b50b-0f30eb48a344	a6b4e3f4-add1-48a4-a979-6e3c603e6950	$2a$10$8TtaDR49zIrr.Jdt2CApK.U1JN4tqMIE8REYgBSB..PzfnTTVHpn6	\N	\N	t	2025-10-28 06:49:46.698	2025-09-28 06:49:46.699
93c007fe-5b83-41b1-b386-4d2da2ba401a	a6b4e3f4-add1-48a4-a979-6e3c603e6950	$2a$10$S2Ospa771590OMAB2X1MX.gWiITCDUrwRpkaUMZN9rvU.hci4i.Da	\N	\N	t	2025-10-28 06:49:46.245	2025-09-28 06:49:46.246
cbf465f2-f4bb-44fe-a4ee-75526b761d70	a6b4e3f4-add1-48a4-a979-6e3c603e6950	$2a$10$ZDoiidLpz4mD3F3WinziD.v.K1nj1xbk5BoMCp/v/CXIqonIhh7LO	\N	\N	t	2025-10-28 06:49:46.245	2025-09-28 06:49:46.246
a5c564b4-a34e-47c8-8e72-6104191ad3ea	a6b4e3f4-add1-48a4-a979-6e3c603e6950	$2a$10$NYnlugZcms4dweHVSumTEuvS9ca9nXK5fqRJFiW4PIC0UdfQ3sz9u	\N	\N	t	2025-11-07 04:25:20.651	2025-10-08 04:25:20.652
08b5a76c-f6f7-4e42-bed0-27d8dea60390	a6b4e3f4-add1-48a4-a979-6e3c603e6950	$2a$10$pJ2t.gUOanx/Ef4w33UPjOATRG33cc1tgBfv4AxPvNYh1V9wbrMQ.	Mozilla/5.0 (Macintosh; Intel Mac OS X 10_15_7) AppleWebKit/605.1.15 (KHTML, like Gecko) Version/18.5 Safari/605.1.15	127.0.0.1	t	2025-10-25 15:02:11.184	2025-09-25 15:02:11.185
d11c4df2-098a-415c-abad-b3c4dff6fc2f	a6b4e3f4-add1-48a4-a979-6e3c603e6950	$2a$10$.DATJjG5HTXFZxb70p7oXOrFi0J9kmLuwDFHvhSp4U4cm4OEgTDVa	\N	\N	t	2025-11-08 10:12:55.525	2025-10-09 10:12:55.525
45a992c2-13da-4326-bd90-b9b591d6776e	a6b4e3f4-add1-48a4-a979-6e3c603e6950	$2a$10$yVtovYO.zZ/m77Vpke09n.nZhaFA1W8vWmSnBQtGrZ0Ctq7CNodU.	\N	\N	t	2025-10-26 03:54:29.947	2025-09-26 03:54:29.948
6d625b4b-faff-4831-9150-7b326838c680	a6b4e3f4-add1-48a4-a979-6e3c603e6950	$2a$10$4d5bTsO7RuliEvNdfVSPX.aQHlJC3.Y7M6tLrQwvogQmRP2AhFQYS	\N	\N	t	2025-10-28 07:47:46.151	2025-09-28 07:47:46.152
8bd763d6-baf5-4962-b703-ec9620c49e50	a6b4e3f4-add1-48a4-a979-6e3c603e6950	$2a$10$m/70LQ8M5NhNlChmFYvIsuEcHTMK97h8W8frjdFOGlXa.q0WtX6Ei	\N	\N	t	2025-10-30 03:31:27.736	2025-09-30 03:31:27.737
c97b98e6-df0f-46a3-81e9-f136b8215848	a6b4e3f4-add1-48a4-a979-6e3c603e6950	$2a$10$PYUqJMyHxJLyZMCrWewyDeaddY59mdf9DHQVyMbru1smnpL3FN40i	\N	\N	t	2025-10-29 06:25:34.382	2025-09-29 06:25:34.383
532859b7-f646-4141-b437-9ebd14db62bc	a6b4e3f4-add1-48a4-a979-6e3c603e6950	$2a$10$0P0KBJ8Rda4eCywrAyx6o.qSC1cXcHalxeB6SH3j9esv2GzS7Wffi	Mozilla/5.0 (Macintosh; Intel Mac OS X 10_15_7) AppleWebKit/605.1.15 (KHTML, like Gecko) Version/18.5 Safari/605.1.15	127.0.0.1	t	2025-10-26 04:00:30.396	2025-09-26 04:00:30.396
27a2dd56-3f56-4b16-8b7a-ae693288cee4	a6b4e3f4-add1-48a4-a979-6e3c603e6950	$2a$10$rHN.GsFAzpzWEIgkWhj1lOvwMsWssIjR.sJ.F/fUy33BZdTmTDbd.	\N	\N	t	2025-10-28 06:49:46.245	2025-09-28 06:49:46.246
15e1cf71-3d34-466e-b978-bca43959b39d	a6b4e3f4-add1-48a4-a979-6e3c603e6950	$2a$10$0i8n27a5sEKs1pAB/S.1SOvSqb5pgm8tMJWavq72N140FPjuBB71u	\N	\N	t	2025-10-28 06:49:46.759	2025-09-28 06:49:46.76
fbd2d343-7b99-4b14-9b97-462fb434ba1f	a6b4e3f4-add1-48a4-a979-6e3c603e6950	$2a$10$AS4uZi4YBTudi85XPgTctODD8JtnpPtFKcPOcWH9F/ugyv/XvcbPy	\N	\N	t	2025-10-26 05:29:46.377	2025-09-26 05:29:46.378
c5b6cd37-3c87-4d2f-ba07-913ef44d7b40	a6b4e3f4-add1-48a4-a979-6e3c603e6950	$2a$10$jSuTxvA/9J4iaWpbnax99enwufzVZyyG24DuYZp2YVqSF3ZanVMtO	\N	\N	t	2025-10-28 06:49:46.822	2025-09-28 06:49:46.823
a9225325-8d76-4543-9ecb-8f97a373c7cf	a6b4e3f4-add1-48a4-a979-6e3c603e6950	$2a$10$rETo6BgAXbsJgVZbuTpDZ.mPF8Yr7ad8lHTSqruWmFMGnkdlHvHri	\N	\N	t	2025-10-28 06:16:13.52	2025-09-28 06:16:13.521
367af6d5-6649-41e7-b523-b1cb126124fa	a6b4e3f4-add1-48a4-a979-6e3c603e6950	$2a$10$GY28NJdCFVaOXVqPq.mQb.BnQyQFqD/0GfEm2y.xQ/s3AX3BW80lK	\N	\N	t	2025-10-26 06:24:55.157	2025-09-26 06:24:55.157
63a5f52f-a6b6-408c-ad07-4566f08ee777	a6b4e3f4-add1-48a4-a979-6e3c603e6950	$2a$10$uU5681fYIj3./B2d3SwLXu3AUWIEM.3rcgZ69bWfWl21ohTi3Kmg6	\N	\N	t	2025-10-28 06:16:13.714	2025-09-28 06:16:13.714
00361906-747d-4327-8e61-ad91958fe78a	a6b4e3f4-add1-48a4-a979-6e3c603e6950	$2a$10$0og4WeUT.FBCT/PqV003kOaBa1nI1uC37/JDHr3GFsMRs.wVqlGjy	\N	\N	t	2025-10-28 06:16:13.714	2025-09-28 06:16:13.714
3bb480f7-dc91-4514-9768-e042896ea75f	a6b4e3f4-add1-48a4-a979-6e3c603e6950	$2a$10$.gGR.mqMvZEHfiwOd45dK.1YLothUlz1Mv6PeOdKhPRno4dUTTPAy	\N	\N	t	2025-10-26 06:41:36.893	2025-09-26 06:41:36.893
eb5af594-55d8-44f0-a0d0-5cd1f5d0b7ea	a6b4e3f4-add1-48a4-a979-6e3c603e6950	$2a$10$UUW/0VYp5XKaaDqPPpteVOBH3Z0wc1zzQtKTNShAs0t3izSc1eBPm	\N	\N	t	2025-10-26 06:41:36.831	2025-09-26 06:41:36.831
422722fe-96a3-44c1-9df5-f67d00b0e220	a6b4e3f4-add1-48a4-a979-6e3c603e6950	$2a$10$UmeLu9Vd1zPorZ6.GdC1GO/J5qRyt78tbtZkqybgEopf5pJtLhZVa	\N	\N	t	2025-10-28 06:16:13.948	2025-09-28 06:16:13.949
6a9833cf-0f91-47eb-91d3-599f6bd326c9	a6b4e3f4-add1-48a4-a979-6e3c603e6950	$2a$10$dSpPSERNGetfPNZp12vS0.NpKceS9yPtujC5DqU5Hyrl9sOSMd8S6	\N	\N	t	2025-10-28 06:32:38.009	2025-09-28 06:32:38.01
37cea4b4-c415-4e7a-bc0d-efbcb8fb3295	a6b4e3f4-add1-48a4-a979-6e3c603e6950	$2a$10$fmnnxQsAvTX3.cdOsiULKuMQQJAtaBFjqOAbqi8Caai2Uwqre56oK	\N	\N	t	2025-10-26 03:54:29.822	2025-09-26 03:54:29.823
6e363021-fcbb-4302-b146-57cb680f3dbb	a6b4e3f4-add1-48a4-a979-6e3c603e6950	$2a$10$PgwYmutupBMMVDojeu2QF.N86yeUG7Q4FNJLY2x/GKs3lDMVGp6.y	\N	\N	t	2025-10-26 03:54:29.947	2025-09-26 03:54:29.948
c5ea3755-5d09-4380-90d7-95c3f27f6a89	a6b4e3f4-add1-48a4-a979-6e3c603e6950	$2a$10$9MnpMO9DCdcEmDpsID7YEOU4629fqkQEpWlNWy7kszCk9e.tSS/QK	\N	\N	t	2025-10-26 03:54:30.202	2025-09-26 03:54:30.202
cdf96c68-fd03-4a37-a2a4-4abcd9b11c3b	a6b4e3f4-add1-48a4-a979-6e3c603e6950	$2a$10$6rUVJ5hiDeocArkiny3Yh.UHst/1kmVLbzXz6qVGSE0KGugaTR4yW	\N	\N	t	2025-10-26 03:54:30.202	2025-09-26 03:54:30.202
faceff57-0336-45e0-a79b-585e18bf8542	a6b4e3f4-add1-48a4-a979-6e3c603e6950	$2a$10$g6YqcHSLc3J8jSD19lOKs.Kdt5uRCzWWkBmzOLiuWKO9cUThlRDea	\N	\N	t	2025-10-26 05:29:46.315	2025-09-26 05:29:46.315
98284fa7-ffe4-4e76-a61d-c7758d55a958	a6b4e3f4-add1-48a4-a979-6e3c603e6950	$2a$10$A94CJS8ugOOLTBrh2pQ0c.PI8.Yp9xivzrT90P9L4gJkUveDreaUW	\N	\N	t	2025-10-26 06:24:55.157	2025-09-26 06:24:55.157
539b3cfe-a4f8-4857-8f89-840314635f1e	a6b4e3f4-add1-48a4-a979-6e3c603e6950	$2a$10$PsFe06AoC362a546UqhIUOOlQdyECHIFFpCpBx0kqRFrCObtwU6Bm	\N	\N	t	2025-10-26 09:45:35.052	2025-09-26 09:45:35.052
7c4df103-7c73-4564-ba22-6a047a841f8c	a6b4e3f4-add1-48a4-a979-6e3c603e6950	$2a$10$41O7whkx50ttc7XInRBLa.3vdb9n4aI1aUXZdPkRy7ZwTnX2mORT.	\N	\N	t	2025-10-26 09:45:35.115	2025-09-26 09:45:35.115
4653c4ef-60f4-4715-adb8-84904589dadc	a6b4e3f4-add1-48a4-a979-6e3c603e6950	$2a$10$A0MAFWJnHLTAwGVmRwU9u.fqmaCcGEC0ErzGMPnbqypPOnHPiQi/G	\N	\N	t	2025-10-28 06:49:46.245	2025-09-28 06:49:46.245
4be7ab93-a12b-4875-a2f3-ed5885da7b8c	a6b4e3f4-add1-48a4-a979-6e3c603e6950	$2a$10$5tYimR.3tb.HmxNyri7JiuslASLW6c8Pm5Riu.6PZtt19pl21nrxG	\N	\N	t	2025-10-28 07:32:16.486	2025-09-28 07:32:16.487
f630b40b-5fc6-404b-bd15-303099d430eb	a6b4e3f4-add1-48a4-a979-6e3c603e6950	$2a$10$JAgJDgSeLs1BIAJiKwOGn.8ngotuGZfviZDpjyNd6wq90twx3KBt6	\N	\N	t	2025-10-28 07:47:46.087	2025-09-28 07:47:46.088
8e7d8756-752e-4bb3-a300-cf495ec3f524	a6b4e3f4-add1-48a4-a979-6e3c603e6950	$2a$10$wi6l31Rs5.LmepFTWwQmBOAiD4iWrMKAmr.T1fwGNOVdsccy4ZmOS	\N	\N	t	2025-10-28 08:21:54.036	2025-09-28 08:21:54.036
0489247f-b66d-49cd-8236-ef3a0e19722e	a6b4e3f4-add1-48a4-a979-6e3c603e6950	$2a$10$HejA/icntWXAHLeXuyV1ZOChbnCqUfZ1CqbQlPuwMW0VODGzgKYCS	\N	\N	t	2025-10-28 08:21:54.098	2025-09-28 08:21:54.098
85fe0af0-a553-4c92-8bda-806f97ebf428	a6b4e3f4-add1-48a4-a979-6e3c603e6950	$2a$10$7e5QY6Y1xQ2phSqCv2r57OUB1d/qCMKsXHmaPq0eIaI84jjkll3Sa	\N	\N	t	2025-10-27 06:36:45.165	2025-09-27 06:36:45.165
9afe79cc-7bea-4246-98b9-9965471478fb	a6b4e3f4-add1-48a4-a979-6e3c603e6950	$2a$10$cul9nhluexTQtvxNLqdfYutRpWvVhjQkL2bQhS5mZfbJEXX9uLvH.	\N	\N	t	2025-10-27 10:30:51.517	2025-09-27 10:30:51.518
1004a37e-18ec-43f7-8c96-899fded823d4	a6b4e3f4-add1-48a4-a979-6e3c603e6950	$2a$10$mktmYSt0RDHb69RJyJO7COKSewr53P1.jh2AjvIuyMzwCJiOrV2TW	\N	\N	t	2025-10-27 10:58:17.993	2025-09-27 10:58:17.994
80390fe4-4e51-476c-9ff5-4bf4d2d6a610	a6b4e3f4-add1-48a4-a979-6e3c603e6950	$2a$10$.DRxxbGxpyepZCrSNnaNLe1tQHqsaFTUDrZTJg11y/vRgTR9s34FG	\N	\N	t	2025-10-27 11:13:54.089	2025-09-27 11:13:54.089
79b23c74-6b72-4e04-9460-b979dae19b8f	a6b4e3f4-add1-48a4-a979-6e3c603e6950	$2a$10$DDIJI.0QH9M4gGhs2QaCGOYMzALSJnA0phUz.lAGII8flf0N/Vboq	\N	\N	t	2025-10-27 11:29:01.747	2025-09-27 11:29:01.748
58136118-8d13-4102-9e71-9cc1a7f56003	a6b4e3f4-add1-48a4-a979-6e3c603e6950	$2a$10$XEfHRE48S7U6/b6Q0BhlU.0pLNhGBL28NXG.vW3z3W1OhR1e9Y2Xi	\N	\N	t	2025-10-27 11:50:56.438	2025-09-27 11:50:56.438
c0f4965f-c96e-4766-b133-c5a0684d1345	a6b4e3f4-add1-48a4-a979-6e3c603e6950	$2a$10$AJLw9fEkXd4A65/5Y/apnO2dZnvDMP4OnIsSKgwF.Jo95mNXhd0yS	\N	\N	t	2025-10-27 12:10:33.203	2025-09-27 12:10:33.203
8919ff78-908d-4eff-aeb2-efff7bf34422	a6b4e3f4-add1-48a4-a979-6e3c603e6950	$2a$10$09QT98BM0dZXQ5tQS8b2q.NJ3HzG7OWQjHhW.ScAtxrxcw3k6xjyq	\N	\N	t	2025-10-29 06:25:34.628	2025-09-29 06:25:34.629
6d0a675f-bb40-4029-b53f-9b3aade18c74	a6b4e3f4-add1-48a4-a979-6e3c603e6950	$2a$10$JfpeVxAuVM2wKxTmwY8bCeldhZCvErCRQUJZcH62ROjPimzccW0.u	\N	\N	t	2025-10-30 03:31:27.675	2025-09-30 03:31:27.676
e72f679b-3d9d-4c8d-b617-8c6000ea6e92	a6b4e3f4-add1-48a4-a979-6e3c603e6950	$2a$10$/ZEO/bEYZyRoIdksDcDhJ.bcS0mHHOFBAnfMRygnADI1mEJWHrxpq	Mozilla/5.0 (Macintosh; Intel Mac OS X 10_15_7) AppleWebKit/605.1.15 (KHTML, like Gecko) Version/18.5 Safari/605.1.15	127.0.0.1	t	2025-10-26 09:45:50.875	2025-09-26 09:45:50.875
febc58cd-8f15-4a61-8a81-436d40849807	a6b4e3f4-add1-48a4-a979-6e3c603e6950	$2a$10$P9plQiLsPq7t0jkeBXaJR.5A.C4.bd/QZYwQ1GzQ/xoRXr3kJ4WhS	\N	\N	t	2025-10-26 11:20:39.457	2025-09-26 11:20:39.457
314e3eba-ef7e-4b62-adc6-d5ad0decc392	a6b4e3f4-add1-48a4-a979-6e3c603e6950	$2a$10$mSksgu3wiMgaYXTFcrnyiOMnM6ueNCMD7AhZg4BFjq3bDem6OnrJK	\N	\N	t	2025-10-30 03:52:22.824	2025-09-30 03:52:22.825
c15d4e1c-cdb0-4ca4-8f02-3ed9c92f65f8	a6b4e3f4-add1-48a4-a979-6e3c603e6950	$2a$10$k6Vg6GI9.li0XaRP29soN.6hWNwNucaEWAjl5qF6hyqC/G/lCMU/6	\N	\N	t	2025-10-26 11:36:43.454	2025-09-26 11:36:43.454
2649ef6b-ad23-4534-a5b3-abaf65e158e5	a6b4e3f4-add1-48a4-a979-6e3c603e6950	$2a$10$UbkxZD/ZIuaIWR3k3ydSleE9eGSizOwBHKfAPVmAE.KT3oQ9VwlDC	\N	\N	t	2025-10-29 06:25:34.628	2025-09-29 06:25:34.629
759f2aeb-d96d-4877-8525-93cd682f2646	a6b4e3f4-add1-48a4-a979-6e3c603e6950	$2a$10$qGkTgHdiC4uqzguPS0x9p.GMWper3IgHH2faCi2uooSs16StZUwA2	\N	\N	t	2025-10-30 03:52:22.824	2025-09-30 03:52:22.825
2e34d8de-d14a-48b8-bf0b-0f6497dad770	a6b4e3f4-add1-48a4-a979-6e3c603e6950	$2a$10$p9/7IBzMT4BM22FAnXAGi.bnGiX6hdsFLcm92LafvsVslYoaUq7y6	\N	\N	t	2025-10-26 11:20:39.396	2025-09-26 11:20:39.397
88f9b34b-33e5-4122-b19d-1f548786f78d	a6b4e3f4-add1-48a4-a979-6e3c603e6950	$2a$10$0Es.4b2jgEaJoEfcTe4XvOTe8GQ1OTtLYir0pzI8II45T3aVGykkG	\N	\N	t	2025-10-26 11:36:43.453	2025-09-26 11:36:43.454
114ea970-9daa-4187-802f-9a497fbb5f1c	a6b4e3f4-add1-48a4-a979-6e3c603e6950	$2a$10$QLEeJzWoYGyw22Me4sSTwOLhYaKueTYopB.b0b4.WJNsRI0SUE.qK	\N	\N	t	2025-10-26 11:52:28.823	2025-09-26 11:52:28.823
036cf5ee-4145-4ed0-b8f8-aec23b3ff43d	a6b4e3f4-add1-48a4-a979-6e3c603e6950	$2a$10$p5daesTWwyZMc7LB8SIIvOso7IUZBYfq1OGuhgeC32J5uikXX97Uq	\N	\N	t	2025-10-26 11:52:28.888	2025-09-26 11:52:28.888
ae1abd83-b9e1-432f-a1b5-78e24dd846f4	a6b4e3f4-add1-48a4-a979-6e3c603e6950	$2a$10$GAm0njb8T.Hxa8iTZaVc0OXj6.eUCgzNaPOiuC16XpSMAdZCS5.2i	\N	\N	t	2025-11-08 10:12:55.584	2025-10-09 10:12:55.585
888bc5e5-7e36-4fb0-9e56-49607af76a4b	a6b4e3f4-add1-48a4-a979-6e3c603e6950	$2a$10$WHxhi3spjFub93XjCZ9eyeG./MO7NEGO.A7xjvur1VMim9rA7.cwa	Mozilla/5.0 (Macintosh; Intel Mac OS X 10_15_7) AppleWebKit/605.1.15 (KHTML, like Gecko) Version/18.5 Safari/605.1.15	127.0.0.1	t	2025-10-26 11:52:55.756	2025-09-26 11:52:55.757
98908db8-b0ba-4426-a149-f887dbea994a	a6b4e3f4-add1-48a4-a979-6e3c603e6950	$2a$10$8OgrEDNBgTiqmfX0KbtUreM.wrfXI3G2qJfqyoDznbR7G6hZKEFi6	\N	\N	t	2025-11-07 04:25:20.65	2025-10-08 04:25:20.652
19473c38-50e3-475d-acd8-a6d458c984bc	a6b4e3f4-add1-48a4-a979-6e3c603e6950	$2a$10$.fqCVRU8mH/mSJ2n4TtTx.tZP8hi0LWpY0DnxrgfXa.KU53XCfTD6	\N	\N	t	2025-10-27 06:36:45.228	2025-09-27 06:36:45.229
96cd509f-53f6-4ebd-9f2c-035fa96f90bf	a6b4e3f4-add1-48a4-a979-6e3c603e6950	$2a$10$863uznXSVLPrP.ImrX5le.b7ticgSUALwnFJ3Wf39v2lejFYTirBC	\N	\N	t	2025-10-27 10:30:51.517	2025-09-27 10:30:51.518
092566aa-fe7b-4632-ba04-3fca645c2018	a6b4e3f4-add1-48a4-a979-6e3c603e6950	$2a$10$83nWQzOwy6NJPptyHKiQle4dVfLAlVjI7yZFo4g2E4ciDUHTJETqS	\N	\N	t	2025-10-27 10:58:17.993	2025-09-27 10:58:17.994
9a8c256e-bc73-492c-9cad-c7409af4450c	a6b4e3f4-add1-48a4-a979-6e3c603e6950	$2a$10$9zhzlmCU4LcAvIzG39i/r..b0fwYirmvh.zVJVU5mHy0rctEFPZyC	\N	\N	t	2025-10-27 11:13:54.089	2025-09-27 11:13:54.09
69c43d62-d731-4606-a146-308954283cc8	a6b4e3f4-add1-48a4-a979-6e3c603e6950	$2a$10$G75y7NN7ZvWg.942MX.HTOmjSWIJuGhDi1xp0VUT2Fc5ntIdH.I46	\N	\N	t	2025-10-27 11:29:01.81	2025-09-27 11:29:01.81
32917b60-ba42-42df-a1bf-3c487485e66b	a6b4e3f4-add1-48a4-a979-6e3c603e6950	$2a$10$24..pei7mBRCz5uI16B7yOXLZJa.HpmmF5IhEli/xkrHWqGRuLv6O	\N	\N	t	2025-10-27 11:50:56.437	2025-09-27 11:50:56.438
5457eae8-617f-4a79-b9be-dcc830e26d8d	a6b4e3f4-add1-48a4-a979-6e3c603e6950	$2a$10$x6ufjfNYxKmr6oVPoDgqaODErJWRGrrWoDjQVyxREwAdCuec8RbTq	\N	\N	t	2025-10-27 12:10:33.203	2025-09-27 12:10:33.203
75667477-9e63-4e6d-9696-a199008b772b	a6b4e3f4-add1-48a4-a979-6e3c603e6950	$2a$10$OUS55rB7R6MWYlee9g6eDeaWEmU8xCh6qh/3FerX4k803fYNg7vS2	\N	\N	t	2025-10-27 12:26:21.798	2025-09-27 12:26:21.799
b2681d28-5e5a-4f4b-8c17-8f3969b6b9e5	a6b4e3f4-add1-48a4-a979-6e3c603e6950	$2a$10$HREAkora8fn.BaTLGWxJOeL16FHg8EGipOQUzhLrQG2Fw0n15VW7e	\N	\N	t	2025-10-27 12:26:21.798	2025-09-27 12:26:21.799
2f8ff6a9-22c3-4036-b164-13d1cc520b45	a6b4e3f4-add1-48a4-a979-6e3c603e6950	$2a$10$vssyaZX7eghBMrBI5khac.TO2lCdGaBDzI35Wk.rm5l.XCUEnG/K.	\N	\N	t	2025-10-27 12:42:16.722	2025-09-27 12:42:16.722
f83a1268-cf2b-485c-8c59-13dcd5b22fd9	a6b4e3f4-add1-48a4-a979-6e3c603e6950	$2a$10$wNwo4G9qsKOKLzQ.IUxrUOTRLjQllsSvjE5gPniG7G0.M/WbZ8L3G	\N	\N	t	2025-10-27 13:01:29.494	2025-09-27 13:01:29.495
bcfb4b53-ab52-4e47-9dfa-d8765618c153	a6b4e3f4-add1-48a4-a979-6e3c603e6950	$2a$10$BXntVFs5.Mmc3s5xvEpJEuKy6zjfi8ehv7VwaO.ylmg9oE1bGhWm6	\N	\N	t	2025-10-27 15:07:36.531	2025-09-27 15:07:36.531
6342c2e8-156f-47ee-af48-f933b07d4352	a6b4e3f4-add1-48a4-a979-6e3c603e6950	$2a$10$So0F5Qs3PS0gTzQUqtJrZ.mxFtX/mgUrT2zexFKJU0keY1CA2bCJK	\N	\N	t	2025-10-27 15:26:26.956	2025-09-27 15:26:26.956
e43ad766-8b30-49d7-97f6-168ef7fe79b1	a6b4e3f4-add1-48a4-a979-6e3c603e6950	$2a$10$FqvG5ZWk/RpPF7gYR9fDg.yNFX1CmhwDvpXN7878nTFbYd0bb6OFm	\N	\N	t	2025-10-28 03:15:34.943	2025-09-28 03:15:34.944
39dd2dc2-608d-42be-83fb-508f9301b645	a6b4e3f4-add1-48a4-a979-6e3c603e6950	$2a$10$CidQjrkzDoQqluJrydqxdezj13BhwlPsWrUGpItbsc2OJCX7Z2Kjq	\N	\N	t	2025-10-28 03:15:35.847	2025-09-28 03:15:35.847
c31ef6b7-48fc-46ce-a7ff-0e0a0846cf2e	a6b4e3f4-add1-48a4-a979-6e3c603e6950	$2a$10$rzAnBnaKudXRYSKxCdK8r.dkBhshodcm7xPi8aTpEB0yovEcze3Ie	\N	\N	t	2025-10-28 03:33:48.917	2025-09-28 03:33:48.918
ca6295fc-ac3a-4969-adcb-d02c74bc7a0a	a6b4e3f4-add1-48a4-a979-6e3c603e6950	$2a$10$FVnMwJVNobgh3.SNpkOo9e6QdqGkGiVL/dAooOOmihjM29Utbp.nq	\N	\N	t	2025-10-27 12:42:16.535	2025-09-27 12:42:16.536
0487009b-0216-48b3-ae48-1ffdef252d61	a6b4e3f4-add1-48a4-a979-6e3c603e6950	$2a$10$BhcUWWIsGhea7sHA3ocsKO8g1noFFD0ld7ZtxmlWGUzC9Eog2vrOq	\N	\N	t	2025-10-27 12:42:16.597	2025-09-27 12:42:16.598
12600068-2a2a-40cf-b12e-1a85a79e57d8	a6b4e3f4-add1-48a4-a979-6e3c603e6950	$2a$10$2tf9rhwuN0heLKmWrFaoduoJx9cMEHumxynM8wfVuhS.UqXyKNaoi	\N	\N	t	2025-10-27 12:42:16.722	2025-09-27 12:42:16.722
08ab2297-ff4d-4500-a608-cecb1982304e	a6b4e3f4-add1-48a4-a979-6e3c603e6950	$2a$10$zsH8metVaTHpnblVzbTdpuOHbEZR1l7mRxa9j6EKR.zsAlROSYgUa	\N	\N	t	2025-10-27 13:01:29.432	2025-09-27 13:01:29.433
fad94b74-58e3-42a3-b1dc-8a44de8b30e3	a6b4e3f4-add1-48a4-a979-6e3c603e6950	$2a$10$sdJ2T3leTxcffNS.5o4mzeVhD.x9dj9zEOiF2n6ijQ7zq8TflNt4.	\N	\N	t	2025-10-27 15:07:36.468	2025-09-27 15:07:36.469
be23b7b0-c141-4459-95c0-8eb52594f6b2	a6b4e3f4-add1-48a4-a979-6e3c603e6950	$2a$10$MqqKH.9ApK8D/RLF6u7uPuEr5q8aXlrW9C1TUVG7VyuoIIYrF5NDe	\N	\N	t	2025-10-27 15:26:26.894	2025-09-27 15:26:26.894
8fcbd56e-a380-4100-9930-e8dcfdffade3	a6b4e3f4-add1-48a4-a979-6e3c603e6950	$2a$10$psY9syFmO3wVvLKu/EDTHOSXUdy6dS17LAABF2wTZ5AiKrtIdDt6K	\N	\N	t	2025-10-28 03:15:34.881	2025-09-28 03:15:34.882
c3bf3822-adbc-4c36-8c80-146f17cf7481	a6b4e3f4-add1-48a4-a979-6e3c603e6950	$2a$10$sHwlgam0VjbsgK3w9gAX.uPdvVq7Xg971mzoa3p1QKGs2MTv2KJLi	\N	\N	t	2025-10-28 03:15:35.847	2025-09-28 03:15:35.847
3206df2b-67b3-423f-88c8-2cb4ac6b8f8f	a6b4e3f4-add1-48a4-a979-6e3c603e6950	$2a$10$O.opTe13glX3P8A28ESXwuZeEylSruYU7r6hApPMcEsEh1mPlWhNu	\N	\N	t	2025-10-28 03:33:48.917	2025-09-28 03:33:48.918
6f1d4ec6-4487-4cb9-bd29-c4d9782e1930	a6b4e3f4-add1-48a4-a979-6e3c603e6950	$2a$10$rVNylm8m5wACl9cuSC.Bi.Jtb5uOEBge094yvyKP95.XvxA57QGlC	\N	\N	t	2025-10-28 03:52:42.933	2025-09-28 03:52:42.934
54814700-cef9-4472-a09b-86783cfe4dfa	a6b4e3f4-add1-48a4-a979-6e3c603e6950	$2a$10$B4wPcp4mRFZTrulGNtmfQeB9.pbilyQXysBxIpWqRVlV7CDagzWZi	\N	\N	t	2025-10-28 06:16:13.52	2025-09-28 06:16:13.521
819d740e-a61e-4196-8f59-81935497a0dc	a6b4e3f4-add1-48a4-a979-6e3c603e6950	$2a$10$GSDHt.fxepUlRhX8OZi7ruGjGmA3hhOYcBz3u3KYpu2dr0ng5d8uu	\N	\N	t	2025-10-28 06:16:13.52	2025-09-28 06:16:13.521
a79c9104-1dbd-43ea-a068-979ced02a2b3	a6b4e3f4-add1-48a4-a979-6e3c603e6950	$2a$10$qA2.rl2d3WyAVTssCZQbvObzEn5LEFKWP3DtEfyQMLtT6QUVqKRDq	Mozilla/5.0 (Macintosh; Intel Mac OS X 10_15_7) AppleWebKit/605.1.15 (KHTML, like Gecko) Version/18.5 Safari/605.1.15	127.0.0.1	t	2025-10-28 08:24:57.502	2025-09-28 08:24:57.502
2bb70c85-2217-44e1-9b84-def9bce2cd5e	a6b4e3f4-add1-48a4-a979-6e3c603e6950	$2a$10$RQzJ4DqTiPiUnybG2izRH.17VMNaKXD4TXcyZVquBf6l6RyDBlO.G	Mozilla/5.0 (Macintosh; Intel Mac OS X 10_15_7) AppleWebKit/605.1.15 (KHTML, like Gecko) Version/18.5 Safari/605.1.15	127.0.0.1	t	2025-10-28 08:26:43.298	2025-09-28 08:26:43.299
ece5ef7f-70f4-4079-84b7-09fa984df29a	a6b4e3f4-add1-48a4-a979-6e3c603e6950	$2a$10$HhINt3VNiC2bypt8aM5/9.o2Jm/OXkujn18JEIKfWK7nBiS40pmjq	Mozilla/5.0 (Macintosh; Intel Mac OS X 10_15_7) AppleWebKit/605.1.15 (KHTML, like Gecko) Version/18.5 Safari/605.1.15	127.0.0.1	t	2025-10-28 08:34:49.654	2025-09-28 08:34:49.655
73b1eb52-233c-4936-ae79-b9e0ee396c21	a6b4e3f4-add1-48a4-a979-6e3c603e6950	$2a$10$ZOOyQVCzPnpQLZEQkPDCweMs31XBQyVIfvQPQCJARnA0pe5SgF4Qq	\N	\N	t	2025-11-07 04:51:32.036	2025-10-08 04:51:32.036
9462ab67-c84f-4eb5-a5ea-751ef7089436	a6b4e3f4-add1-48a4-a979-6e3c603e6950	$2a$10$EW71TzTr1K0IMZHNPcZ8eeTr4VmQot1muVOsKfr/LZovm.m8uHWoa	\N	\N	t	2025-10-30 04:50:12.236	2025-09-30 04:50:12.237
859a7904-30b6-4ad7-8460-6296e764bf9e	a6b4e3f4-add1-48a4-a979-6e3c603e6950	$2a$10$R4MKTpYjN2pexKICn0Mv7OiJQt661krXEQarCFFnHZe7V5WZwDOJC	\N	\N	t	2025-10-28 08:54:12.269	2025-09-28 08:54:12.269
71beee13-dcf4-4eef-9437-911a517c01f9	a6b4e3f4-add1-48a4-a979-6e3c603e6950	$2a$10$kVu2CHkBLni3HqyvCTALR.Xp0gxy8x4fyyYZ2cropGssbzT7OTn9.	\N	\N	t	2025-10-29 06:25:34.628	2025-09-29 06:25:34.629
60b68104-805a-4216-bedc-24fc712c3bc9	a6b4e3f4-add1-48a4-a979-6e3c603e6950	$2a$10$xfW2gJhQVLjTS47NkWG.dOFCTCrO8ateqbwVm.fRM3P.wDwh/bpI6	\N	\N	t	2025-10-28 09:13:08.894	2025-09-28 09:13:08.895
43a9edb0-fd19-4e32-90bb-d5938e67c39a	a6b4e3f4-add1-48a4-a979-6e3c603e6950	$2a$10$xk8OIpoJm8McPhqqdMJgy.IT1va9Waj6/PSJXOca24uxMhQtpABYC	\N	\N	t	2025-10-28 08:54:12.206	2025-09-28 08:54:12.207
20d275cf-44f2-4afc-82eb-d236cee989f8	a6b4e3f4-add1-48a4-a979-6e3c603e6950	$2a$10$x6G3.nG0FwK7fivkCSFixesvmvbv3RxNdNlnQnJ4IQxCPvJtDsV1y	\N	\N	t	2025-10-28 11:18:11.044	2025-09-28 11:18:11.044
e0615832-3cc6-4657-9a22-a4087dc52ab4	a6b4e3f4-add1-48a4-a979-6e3c603e6950	$2a$10$JTilTXSblAcA6BuQQbWTsO82yE/1h80d7obblgVxBHATCmwxyHmAy	\N	\N	t	2025-10-28 09:13:08.831	2025-09-28 09:13:08.832
901cd01a-3270-47b5-baa7-54e57a959e9a	a6b4e3f4-add1-48a4-a979-6e3c603e6950	$2a$10$2SqNqa2pquyVzNLyLt1sq.o5z/yZ/.xTbY2TkXifS5AKw5UnHbxUC	\N	\N	t	2025-10-28 12:11:41.576	2025-09-28 12:11:41.577
b8a41b6b-1cc4-4172-9276-c34e859507b8	a6b4e3f4-add1-48a4-a979-6e3c603e6950	$2a$10$zcvx3SH3t1vBnNbeMAz6quBjl0/Xi5CbdCY.n4m.oJhbJnwlTTtpy	\N	\N	t	2025-11-08 10:29:32.468	2025-10-09 10:29:32.468
08d1dd4d-d551-4bc7-8b72-e2d089461aba	a6b4e3f4-add1-48a4-a979-6e3c603e6950	$2a$10$S60ivjEb9dfuTyz7VBpm2ObGI6vakYSpEMVNKHNJbyKjJhQgZrP5C	\N	\N	t	2025-10-28 11:18:10.981	2025-09-28 11:18:10.982
503a2690-a678-4de9-979c-4cea314c18aa	a6b4e3f4-add1-48a4-a979-6e3c603e6950	$2a$10$Jq1djfXOTd1MvxBmBZuZE.dlaDzXkgkYOHGWIkIM9532mzE/hlX2a	\N	\N	t	2025-10-28 12:57:22.588	2025-09-28 12:57:22.589
f36eb4ef-1885-4f26-bd89-c9e01022b98b	a6b4e3f4-add1-48a4-a979-6e3c603e6950	$2a$10$ORm4y.7fqt2M.28GmaPXtexwxNH1CkVtEHFruOSm.YEpc2eC5L/OS	\N	\N	t	2025-11-08 10:29:32.406	2025-10-09 10:29:32.407
1b26e9ed-6a0e-40e9-ad10-3358afae2bc8	a6b4e3f4-add1-48a4-a979-6e3c603e6950	$2a$10$WJJPDJO//7havzfuFcK18eH1Pr/3ZV0UHokYmsgFvlh0nuANOxTqm	\N	\N	t	2025-10-28 12:11:41.513	2025-09-28 12:11:41.513
ae517e8a-0efb-4cd3-82c3-f39499a54567	a6b4e3f4-add1-48a4-a979-6e3c603e6950	$2a$10$Jx3TNh6XBQTzU0/I3kWt8OUeh0ayod49Hk5OLaVdxLrJ5yLVP2QXW	\N	\N	t	2025-10-28 13:15:54.779	2025-09-28 13:15:54.78
e1c04a0a-314e-4efc-b51a-9172d405f717	a6b4e3f4-add1-48a4-a979-6e3c603e6950	$2a$10$8wR1YywDZmz/X66tbUan2eW6Wn8oQnllBo16pI.w05mQFpj2rnxWm	\N	\N	t	2025-10-28 12:57:22.525	2025-09-28 12:57:22.526
1fbebf46-39dd-4c47-8f91-e16c64ed3e80	a6b4e3f4-add1-48a4-a979-6e3c603e6950	$2a$10$Ae31/a8zO0.hxF5RhzJfYebWWDaSQEOPt1jizzvKeqPlNhC5JxNv.	\N	\N	t	2025-10-28 13:40:27.481	2025-09-28 13:40:27.482
9a151ac4-674d-43f4-986c-f42e91aef0d7	a6b4e3f4-add1-48a4-a979-6e3c603e6950	$2a$10$jDjeMtGztjW28WuGX.ifceYLTgoc9SAGl4No/DRkVzB/fo8C2Opfm	\N	\N	t	2025-10-29 06:40:34.599	2025-09-29 06:40:34.6
48789835-cf06-42eb-ae4f-d1202f646be3	a6b4e3f4-add1-48a4-a979-6e3c603e6950	$2a$10$1AiMzX6PmTe8vXC/IAvRrO.WyoOxzNsFEKLxTpp7r1ZeYHxUBPVzu	\N	\N	t	2025-11-07 05:24:10.373	2025-10-08 05:24:10.374
96f7db9d-d4e9-411c-ba76-95df18d5626e	a6b4e3f4-add1-48a4-a979-6e3c603e6950	$2a$10$Ngb8X.0KEXUJnsORZpJgQO7gruxSsDE6bXdXGP0Fys3W3ah/3M8cO	\N	\N	t	2025-10-30 05:58:20.858	2025-09-30 05:58:20.859
3a095d41-457c-4edc-ac4a-78da2c4adcfb	a6b4e3f4-add1-48a4-a979-6e3c603e6950	$2a$10$r6KcVtWZcISrsksLySZxnu9.6gJE55w545OsJWT9Eapn1btwhPjaC	\N	\N	t	2025-10-28 13:57:11.352	2025-09-28 13:57:11.353
8caac73c-f0a3-49e6-8f52-3151674273fa	a6b4e3f4-add1-48a4-a979-6e3c603e6950	$2a$10$qAgJ0oKSvs8CfxKUV0n45.n6EV0ArVE6H4fQGsHksyLv3IwxduSU6	\N	\N	t	2025-10-30 05:58:20.797	2025-09-30 05:58:20.797
2b2722b7-60a6-4153-a42b-91cfb36c7fde	a6b4e3f4-add1-48a4-a979-6e3c603e6950	$2a$10$73IjosQWHNPGV7g/0xTz4ebIP9BBFRQ3697sQF5S/aIUbo9Fsw0rG	\N	\N	t	2025-11-08 10:45:11.522	2025-10-09 10:45:11.523
64e65dc7-76f2-464c-ab15-a408c1d46004	a6b4e3f4-add1-48a4-a979-6e3c603e6950	$2a$10$3SPsD/fJwpfQFHb3y9lM9.fFOAhpzJl6iUWviWVke2WKn3rFxzmR.	\N	\N	t	2025-11-07 05:24:10.311	2025-10-08 05:24:10.312
09faa485-069d-4d93-bfbf-b37657002521	a6b4e3f4-add1-48a4-a979-6e3c603e6950	$2a$10$1FC0xiRoC2SxBIIJSV1g2ukEiMUuelcy1QU0rfUroah4fOVX1kfyu	\N	\N	t	2025-11-08 10:45:11.46	2025-10-09 10:45:11.461
95c3962e-3286-422c-84fe-e8781a74ffa4	a6b4e3f4-add1-48a4-a979-6e3c603e6950	$2a$10$myJ9Ko.BhYFdOIMuXopLE.5PDWL5050zDfQfSTYBTvLgeF7t3xFiW	\N	\N	t	2025-11-07 05:46:27.63	2025-10-08 05:46:27.631
4c5e9fbe-e1ae-47eb-a67b-8cb153208004	a6b4e3f4-add1-48a4-a979-6e3c603e6950	$2a$10$HJqkVmGhbs5i6wHVbgLmNOEzaZ4N9c.57yyFGuw6U0jxznZhsn6vS	\N	\N	t	2025-10-29 07:03:49.519	2025-09-29 07:03:49.52
b235b052-7b6a-43e8-9ecc-2528cc57fa7f	a6b4e3f4-add1-48a4-a979-6e3c603e6950	$2a$10$m7GouIATLwK3b/3AnrIVSeqMZ0FAvD5n1QgvVakqK/iDDgWwD3FDW	\N	\N	t	2025-10-28 14:13:32.189	2025-09-28 14:13:32.189
cdc0a8bb-6e2d-4f1a-afc3-c2d6e4a094ed	a6b4e3f4-add1-48a4-a979-6e3c603e6950	$2a$10$O5YXvfGhPr0dtdakHC3x5ubm3mgPkCrzzkJwqvRvYygDrGm8T7UpC	\N	\N	t	2025-10-30 07:15:38.466	2025-09-30 07:15:38.467
92c91667-b003-4c3d-b024-5b5b814a954c	a6b4e3f4-add1-48a4-a979-6e3c603e6950	$2a$10$I7XzN2sRRO0tnOfrzm5ypOAbJvZQfhDq1m7FSyt.Wr2s6JE35cYV2	\N	\N	t	2025-10-28 14:13:32.064	2025-09-28 14:13:32.064
84c892fd-ae57-4cbf-a7b4-b19e44b22c39	a6b4e3f4-add1-48a4-a979-6e3c603e6950	$2a$10$pygfoLbW1ecgzFwZ9vz0H.Shjc8qhJ/v7pMctPI1ub2qA2OgbVFD.	\N	\N	t	2025-10-28 14:13:32.064	2025-09-28 14:13:32.065
45301b8e-fb64-411e-a87d-72becae4d6f6	a6b4e3f4-add1-48a4-a979-6e3c603e6950	$2a$10$ySv2FQJ2CAR93Hw3yhxCMO9mjngOBrdaizV2hNQC2zl3tlSyXoNJi	\N	\N	t	2025-10-29 07:03:49.519	2025-09-29 07:03:49.52
5659b384-995b-4f2d-a084-5fdd97c24939	a6b4e3f4-add1-48a4-a979-6e3c603e6950	$2a$10$3OdQGqazUwFbOzmVrouVD.AenCA6BSLO9S/5W1MHuqOzG.zdExgVi	\N	\N	t	2025-10-30 07:15:38.403	2025-09-30 07:15:38.404
c27f4b0d-72a0-47e1-b349-c18de2d8998e	a6b4e3f4-add1-48a4-a979-6e3c603e6950	$2a$10$t7E1NGUFTQ/wGQG1t3gYYewpZW48i8x.HO1GgHsUizp1J2qsOxy.S	\N	\N	t	2025-11-07 05:46:27.566	2025-10-08 05:46:27.567
918412b3-f402-447d-922a-ef93ee296b54	a6b4e3f4-add1-48a4-a979-6e3c603e6950	$2a$10$2NUuIFQlvVELShASaM7wUusCNKM74zxzyBti9wVI8t1aJoXpo95aq	\N	\N	t	2025-11-08 11:33:47.096	2025-10-09 11:33:47.096
e8e59895-e9e5-441f-b391-5825aa4ce04e	a6b4e3f4-add1-48a4-a979-6e3c603e6950	$2a$10$uEdwlx6SiazW60dPtW9tNOZmZ3Gg1Bo77nhrcKtkKh02ua.CSWz0y	\N	\N	t	2025-11-08 11:33:47.156	2025-10-09 11:33:47.157
a25d32d7-1d05-4a13-b010-6f7475b4cb33	a6b4e3f4-add1-48a4-a979-6e3c603e6950	$2a$10$eWvhHOhnlXA019hMJViwv.UgEa8qepHjlCPFc40.9nn2IDO3Lc5na	\N	\N	t	2025-10-29 07:19:43.685	2025-09-29 07:19:43.686
4d413a3b-9f5c-4e70-9dfe-69acdb81e846	a6b4e3f4-add1-48a4-a979-6e3c603e6950	$2a$10$TS2W9VvbHmQoqGnCrDbEgO7F1unoyrze5MFNi65hokO5FLwg8clQ2	\N	\N	t	2025-11-07 06:03:38.117	2025-10-08 06:03:38.118
0a28d128-a3aa-41d4-b23e-d17f39a015dc	a6b4e3f4-add1-48a4-a979-6e3c603e6950	$2a$10$OTWwUDrenUka1ZPGRN22jeEv6sP9sn8b2fKoxj3pbi7nucn01MYba	\N	\N	t	2025-10-30 07:39:07.36	2025-09-30 07:39:07.36
648f02ed-a459-47d8-b411-37561026b45b	a6b4e3f4-add1-48a4-a979-6e3c603e6950	$2a$10$gsJd2cPLNsaUf1bdzcTFjOl0GQITFf/4s2VluHtcAk/Ur8C/xFpSO	\N	\N	t	2025-10-30 07:39:07.3	2025-09-30 07:39:07.301
5b9efcd0-d4df-4703-bc23-88aba4a5f11b	a6b4e3f4-add1-48a4-a979-6e3c603e6950	$2a$10$c4CkEEC3dlk2D6qsVJRB7OtP.mw.kwnAQqYXB9J/CfA8U1ZwtSA1.	\N	\N	t	2025-10-28 14:13:32.064	2025-09-28 14:13:32.064
7d9ef625-32d2-4af7-a7d5-b74751d14192	a6b4e3f4-add1-48a4-a979-6e3c603e6950	$2a$10$NJG7FwPmfiZBf2wKEdQfr.i34vGnwYKqpkhWTbkYOkRYvPnTftXDC	\N	\N	t	2025-11-07 06:03:38.055	2025-10-08 06:03:38.055
d283704d-2674-4932-9148-165a4650ccc8	a6b4e3f4-add1-48a4-a979-6e3c603e6950	$2a$10$4CgqhMx/m/Vozpk83Vc6IOvVSmT7zk0hf8vKbY8waPykYB4dTneAu	Mozilla/5.0 (Macintosh; Intel Mac OS X 10_15_7) AppleWebKit/605.1.15 (KHTML, like Gecko) Version/18.5 Safari/605.1.15	127.0.0.1	t	2025-11-08 11:52:32.81	2025-10-09 11:52:32.811
a9c4df3b-a06b-4989-b290-c8bd69b56029	a6b4e3f4-add1-48a4-a979-6e3c603e6950	$2a$10$tVunv3htAYQjHNoa2NVqfOrLyuP5UDwwbk/kUDYiBc4cKoZOKfcv2	\N	\N	t	2025-11-07 06:22:57.08	2025-10-08 06:22:57.081
244a2e6f-8af1-496f-bb33-c6395267912a	a6b4e3f4-add1-48a4-a979-6e3c603e6950	$2a$10$yaJVYZfv5J40nXJ5WAncQuZCpZrimlippeXiwkTLNkC/ADIH4RBWC	\N	\N	t	2025-10-29 08:24:57.051	2025-09-29 08:24:57.052
f6d4d6b7-8412-464b-b43b-82412c9d70a8	a6b4e3f4-add1-48a4-a979-6e3c603e6950	$2a$10$WKAgeNvYRF4kQbsNLIUMYeS5fHuSs8KpnZhLh917aeX25R4yaXs9q	\N	\N	t	2025-11-07 06:22:57.08	2025-10-08 06:22:57.081
47353483-5d02-49e5-8d31-e0ed9f3af042	a6b4e3f4-add1-48a4-a979-6e3c603e6950	$2a$10$uvPubMCwzIatqEtvZ8lP3OqYYdANJ0PXCIsA.KxRUc8jsAUTvRRbu	\N	\N	f	2025-11-09 03:47:44.682	2025-10-10 03:47:44.683
b17cdac0-1c38-49f1-8182-22fc873a5009	a6b4e3f4-add1-48a4-a979-6e3c603e6950	$2a$10$fqJAhBhuEmBhyKu2NOvYSec1V0LLvFAltiqNXW9eBoM0P3fRqsT4y	\N	\N	t	2025-10-30 08:38:28.006	2025-09-30 08:38:28.007
d9c64c99-b2ee-4d83-b1fe-e2b3b37dd98d	a6b4e3f4-add1-48a4-a979-6e3c603e6950	$2a$10$gxHrKR/qrf65WDYzxF5SzeCkmMHqfyV/e9QdRDgJCoOKjKZWXhBAq	\N	\N	t	2025-10-28 14:13:32.064	2025-09-28 14:13:32.065
eb32bb6a-8ffc-479e-b3ac-596568807b8b	a6b4e3f4-add1-48a4-a979-6e3c603e6950	$2a$10$qjpXfgvEuXqTiNgOugUgCO05bOTXYPly4ubk5.Rod/Kko8UZ5RlUy	\N	\N	t	2025-10-28 14:13:32.189	2025-09-28 14:13:32.189
7e6dfe67-cf14-4c95-a550-f1dbfa5d3441	a6b4e3f4-add1-48a4-a979-6e3c603e6950	$2a$10$luUky8BE3uzVOxzR5nQ6OOdLFW7XxNlcFdbb5o4f1KGNwRlCvfLfq	\N	\N	t	2025-10-29 08:24:56.99	2025-09-29 08:24:56.991
543b829f-d6b9-4f22-9d53-79877594b038	a6b4e3f4-add1-48a4-a979-6e3c603e6950	$2a$10$7.NQi4K.UX.CodLhBYR5LO1V.GWhN9bGi17Hpk3DYw3t3RRbcXzOS	\N	\N	t	2025-10-30 08:38:27.945	2025-09-30 08:38:27.946
8812bb67-600e-4064-8abc-fa3bfce2e0d8	a6b4e3f4-add1-48a4-a979-6e3c603e6950	$2a$10$pawLn6d7hZUXdJe4q0i/7.dALcXtM6Lm2shoEIJU0cUZBmMZyfZwS	\N	\N	t	2025-11-09 03:47:44.743	2025-10-10 03:47:44.744
f1e61e87-cc5f-4225-9948-c9e80b8cf070	a6b4e3f4-add1-48a4-a979-6e3c603e6950	$2a$10$3ZEUzPEG/YaHnYzZV8684.UcxfSQ43i5gbdm3ovFGWmLFeLEyKdpi	\N	\N	t	2025-10-29 08:39:56.677	2025-09-29 08:39:56.678
cbaf10fa-a3b3-4a98-af12-befdbe92a061	a6b4e3f4-add1-48a4-a979-6e3c603e6950	$2a$10$gs/kAbuVFaCpT85nBgC5g.ARWoaKGVBJSKYiUAAILcaog8yEWdaDK	\N	\N	t	2025-11-07 06:59:50.748	2025-10-08 06:59:50.749
88369d9e-ab93-4a4b-99e0-e12d7b3fda27	a6b4e3f4-add1-48a4-a979-6e3c603e6950	$2a$10$iP4N4tKrKmPxeb.AWXaFO..Qm18VPfXASMRGz/k5xASjuXekSewOy	\N	\N	t	2025-11-07 06:59:50.686	2025-10-08 06:59:50.687
ea0eaf82-879d-4c9a-8a44-1e9830bb3dc8	a6b4e3f4-add1-48a4-a979-6e3c603e6950	$2a$10$oHpZYbV92q/d4HAC928k9.b/a/H9elyFyscqCMFD.vCEhzhxpIwKu	\N	\N	t	2025-10-30 08:56:18.155	2025-09-30 08:56:18.155
65c5ab70-bd1c-4d62-b4b6-bc371f2e8fe7	a6b4e3f4-add1-48a4-a979-6e3c603e6950	$2a$10$6Mm.HsS2c2EAeBMRLQrZtekWosyKQybhsUo9XGlZaMu2SeEbsXHvK	\N	\N	t	2025-10-28 14:29:36.449	2025-09-28 14:29:36.45
14403481-1fc8-4f08-9b75-9d06a0e86c4b	a6b4e3f4-add1-48a4-a979-6e3c603e6950	$2a$10$pKBHbGSk3YoTx2xjzulZ2u6amV/HCjkSVV/OCWsyjiHMYXBHOodS6	\N	\N	t	2025-10-28 14:29:36.449	2025-09-28 14:29:36.45
0172a00c-198a-4c51-a9ab-ce57aaf2e8ce	a6b4e3f4-add1-48a4-a979-6e3c603e6950	$2a$10$YyGI5fAySYB19nFkO6hJZ.KD8zvXDF.IhGgVE2Ffj1g1iMv0Zbatq	\N	\N	t	2025-10-30 08:56:18.031	2025-09-30 08:56:18.032
f37a1ccd-00b4-49e3-93e5-4f3ac21a243c	a6b4e3f4-add1-48a4-a979-6e3c603e6950	$2a$10$rgwpbehfOr8Fn.ZL6uAOr.XYWAYr79TvEwNcBKMgYSDHD7NjwU1Ga	\N	\N	t	2025-11-09 04:03:17.058	2025-10-10 04:03:17.058
41cd6920-faf5-47e3-a3cc-c129cd5baee5	a6b4e3f4-add1-48a4-a979-6e3c603e6950	$2a$10$KTZOhw31Zt0NoWmb.3Q07.Qb5OgbaPjxiUvFLf95Rayi97FY0XaUW	\N	\N	t	2025-11-07 07:26:41.514	2025-10-08 07:26:41.514
b305f52f-737b-42bd-ac25-63c8111c5b18	a6b4e3f4-add1-48a4-a979-6e3c603e6950	$2a$10$U2QbKHlVZofU277Uq9DTQ.BXnTpXVqQVlkWMWciLnipg2Vxl1tpVu	\N	\N	t	2025-10-28 14:29:36.512	2025-09-28 14:29:36.513
21c393dc-8837-41f9-9c0c-ab4dae76fc49	a6b4e3f4-add1-48a4-a979-6e3c603e6950	$2a$10$gorVDOxi4Bhu4ex4qmjayeAa7cQcqUmyzdXqJxwFm3ETmx57AgFcm	\N	\N	t	2025-10-29 08:55:35.241	2025-09-29 08:55:35.242
58746b9b-c283-408d-b963-2da3498664e2	a6b4e3f4-add1-48a4-a979-6e3c603e6950	$2a$10$U0OtWOW0mRwbsLRdMtadJOg30oyRSsZn/HIju5PqsyuzPnwuiwFem	\N	\N	t	2025-11-09 04:24:33.932	2025-10-10 04:24:33.932
06e66948-0bb9-41f2-9033-0626e484300d	a6b4e3f4-add1-48a4-a979-6e3c603e6950	$2a$10$BGR9PPjHGN1gqx59qXr5Ue8zawJ3OmnzBPX3HSJqu7hXNIRlAO1ZK	\N	\N	t	2025-10-30 08:56:18.843	2025-09-30 08:56:18.844
fe73f142-5544-4288-89c5-844447fdcf45	a6b4e3f4-add1-48a4-a979-6e3c603e6950	$2a$10$FslTI/7QNh11tAZyR9kP5.lx7q3AAEfkN7nQE4MhnxltrLukSY.l2	\N	\N	t	2025-10-28 14:29:36.449	2025-09-28 14:29:36.45
2ea420fe-1f3c-40bb-8231-2942098e17a2	a6b4e3f4-add1-48a4-a979-6e3c603e6950	$2a$10$cw6gmQLvWLJBUAwVtTMgz.D2P6vlv7daE0UzQSmjADOVNA0Gf8S3q	\N	\N	t	2025-10-30 08:56:18.155	2025-09-30 08:56:18.155
c6a5bb0c-7797-43f2-9331-aa22996fca31	a6b4e3f4-add1-48a4-a979-6e3c603e6950	$2a$10$kjtPgHGFWDjX.4TjwCaExOV223AOVwmPhXwWERv1vn.9V35vQXdZq	\N	\N	t	2025-10-30 08:56:18.781	2025-09-30 08:56:18.782
63cfb1a7-281c-482a-a86e-0e3ae953baa1	a6b4e3f4-add1-48a4-a979-6e3c603e6950	$2a$10$u39f8Kryj9HZdiJdrj38gOM8zCE8Znn30Jee0r/rlilaXBKOJy7XG	\N	\N	t	2025-11-07 07:26:41.514	2025-10-08 07:26:41.515
e65e1586-44ba-4568-9873-bcda0de8df94	a6b4e3f4-add1-48a4-a979-6e3c603e6950	$2a$10$aUq2IFjTGABIyFM1Ec2YYOpVAwLkEOWt4EZYaAFSBpqIhD6opjKIW	\N	\N	t	2025-10-29 09:46:30.099	2025-09-29 09:46:30.1
9ba2ac03-7e88-4d0e-8c22-8920928c63ed	a6b4e3f4-add1-48a4-a979-6e3c603e6950	$2a$10$GmHTdyuLscXGYahtHYOWDevLbSNaQdJOV9PU2Bhs9NqtjD5ZsyUW.	\N	\N	t	2025-11-09 06:15:01.427	2025-10-10 06:15:01.428
249b7505-d024-4b2e-be94-72368dc437ac	a6b4e3f4-add1-48a4-a979-6e3c603e6950	$2a$10$nRYp85nqY.dfMsvLMp4/4eq9GP/xHXb44b55oiFs4AiN6RnwhR60O	\N	\N	t	2025-10-30 10:42:20.183	2025-09-30 10:42:20.184
f90cb423-46a5-4a91-9e9a-15c79a884873	a6b4e3f4-add1-48a4-a979-6e3c603e6950	$2a$10$JatyXw8B4hgFfIfwyP/Uxe4ArwQXo5kXafP/5P4/lUxOezVjZFhOS	\N	\N	t	2025-10-28 14:29:36.449	2025-09-28 14:29:36.45
10011e15-e50f-40da-b511-24f9af9ef7ca	a6b4e3f4-add1-48a4-a979-6e3c603e6950	$2a$10$j1kncL9EplbNWSFI8S8wp.yK1JCYlVw1fxPIgilI/yv50UzZcORmm	\N	\N	t	2025-10-29 09:46:30.035	2025-09-29 09:46:30.036
a2dafa7d-186f-4e50-b79f-dde7e86746f8	a6b4e3f4-add1-48a4-a979-6e3c603e6950	$2a$10$9nRgMiCo8NIrVP8IdSlUmeeldoyTzah1PnojZw0hp1jwi2qCxw/RG	\N	\N	t	2025-10-30 10:42:20.113	2025-09-30 10:42:20.113
d58b2162-7d57-4834-a7f1-25ba1331fa1b	a6b4e3f4-add1-48a4-a979-6e3c603e6950	$2a$10$HoibETlIS9gHqGvVkpZGjeBm2Bj6V5b8ucp6DJGsC.CEzhsTHbtU2	\N	\N	t	2025-11-07 07:45:21.001	2025-10-08 07:45:21.001
c5bbc3fe-5522-482e-bae7-2c3b5d88199d	a6b4e3f4-add1-48a4-a979-6e3c603e6950	$2a$10$SdlJ8jtq69CftGl9n7L6Y.DnpBC3G3b7XtyZ9mfFZnflSAVKbK6ge	\N	\N	t	2025-10-29 10:07:42.076	2025-09-29 10:07:42.076
79f637f5-b97a-4f92-880e-953e29d3aa1a	a6b4e3f4-add1-48a4-a979-6e3c603e6950	$2a$10$8f3StkPytOQ8X9PX5R0vCeET.O9dYG6mw383pY/l3EA49xBz8OSvK	\N	\N	t	2025-10-28 14:29:36.449	2025-09-28 14:29:36.45
476a0afe-1423-4972-a420-0ed50091faf5	a6b4e3f4-add1-48a4-a979-6e3c603e6950	$2a$10$kxclv7TFExlpWsgL35mL8OnsAGnnPQ6352/qwE4ow.4jCrpjagEgy	\N	\N	t	2025-10-30 12:59:42.706	2025-09-30 12:59:42.706
cb3ee124-b96a-4607-8d25-ed065defa560	a6b4e3f4-add1-48a4-a979-6e3c603e6950	$2a$10$NS9g8E2C/y2uREN1Mzstlul8tFURl5qJLUVc4kLiMuHNU2rDk/1Pu	\N	\N	t	2025-10-30 12:59:42.766	2025-09-30 12:59:42.767
b2bccaed-fdc1-4520-a3e3-e803040bfda1	a6b4e3f4-add1-48a4-a979-6e3c603e6950	$2a$10$fHOvSzkOdBYTw.qMt0ZqbO.C9Z3WQAgwaUPFXM3AGy0lH1PsLnkzG	\N	\N	t	2025-11-09 06:32:12.295	2025-10-10 06:32:12.296
f1704579-f095-4526-89c2-a4bdb2886bcd	a6b4e3f4-add1-48a4-a979-6e3c603e6950	$2a$10$vVEaIpnq2H2BD.tPq40e3eehgXkE81/10GDq4JCROEOOmLtWYXZau	\N	\N	f	2025-11-09 06:32:12.864	2025-10-10 06:32:12.864
b2120b63-ee21-46f3-a622-7299b949a8e0	a6b4e3f4-add1-48a4-a979-6e3c603e6950	$2a$10$zaxZL3yFc566FbcIOMIn7OgclefuEHkH/.CpcJnkU61xkYNxra7fW	Mozilla/5.0 (Macintosh; Intel Mac OS X 10_15_7) AppleWebKit/605.1.15 (KHTML, like Gecko) Version/18.5 Safari/605.1.15	127.0.0.1	t	2025-10-30 13:07:51.738	2025-09-30 13:07:51.738
de8abbdb-5594-438b-b8ad-434425835a86	a6b4e3f4-add1-48a4-a979-6e3c603e6950	$2a$10$DSPmO4sNslxmSas/I4sPt.o7aoiwgll8P10oyjC80y6ia3nuD18tC	\N	\N	t	2025-10-29 03:11:47.643	2025-09-29 03:11:47.644
18d143b2-800c-4826-b038-04153a42b842	a6b4e3f4-add1-48a4-a979-6e3c603e6950	$2a$10$Ng2m0QgtnFH8BQQxcVb3pOjDJwUCe8BpYSgXkqdgLEA2N8z1RS2DC	\N	\N	t	2025-10-29 10:25:11.759	2025-09-29 10:25:11.759
eb6693f6-7db1-4523-9d0f-9e3f4c78b612	a6b4e3f4-add1-48a4-a979-6e3c603e6950	$2a$10$X2uVovF7kVMXQDTqkzy6vu/aDM0zqv6IIYPWGkFO/0jicgXxyns5K	\N	\N	t	2025-10-28 13:15:54.718	2025-09-28 13:15:54.718
39a02346-6bab-4272-96a8-cd87072dfbb9	a6b4e3f4-add1-48a4-a979-6e3c603e6950	$2a$10$kco6al2LSj4jTbDLLE1yM..D8JE.Fy2XsnOjMbk3IXy/VkWEWJNAG	\N	\N	t	2025-10-28 13:40:27.419	2025-09-28 13:40:27.42
dce97b48-5a5c-4202-8b89-0aaacc533ebd	a6b4e3f4-add1-48a4-a979-6e3c603e6950	$2a$10$0NgSJYdMBMxyD7/gVTgZjexAEkkbcee.nbfkaQNZ.P4N3vuJW3yMa	\N	\N	t	2025-10-28 13:57:11.353	2025-09-28 13:57:11.353
066c3b36-3958-4831-9d36-66eeffa29aaf	a6b4e3f4-add1-48a4-a979-6e3c603e6950	$2a$10$wvGhlzIt5MUWEQoNgqyDAeuQOLU9HU7kKqm0bHw96RIIU1ciCdLZK	\N	\N	t	2025-10-28 13:57:11.353	2025-09-28 13:57:11.353
1aad84c9-ac89-4260-a90e-c0c937a655ba	a6b4e3f4-add1-48a4-a979-6e3c603e6950	$2a$10$QWZZp3ctIKjdcVxbilUMbuAFEVG.jAuDIzqvDilVYQ8NQ4WJ5Q4jy	\N	\N	t	2025-10-28 13:57:11.353	2025-09-28 13:57:11.353
a7bf7065-3fc5-4cfd-b76b-1586235cb738	a6b4e3f4-add1-48a4-a979-6e3c603e6950	$2a$10$v9ohFO7QlpxkpSYRP0vNAeFz3d95yoxt7mnHGgmVG1ZzY.73Y05Ky	\N	\N	t	2025-10-29 03:11:47.582	2025-09-29 03:11:47.583
6b9b3e95-9ed6-4c16-aca8-cd47a5da4980	a6b4e3f4-add1-48a4-a979-6e3c603e6950	$2a$10$eF5eONrSt0PA.JZK72wgiOUFkE0dueOQXUzKTTlaagBkLeLih901C	\N	\N	t	2025-11-07 07:45:21.001	2025-10-08 07:45:21.002
4d83c504-c390-4a6f-8426-ff5b59ae2a08	a6b4e3f4-add1-48a4-a979-6e3c603e6950	$2a$10$zQpQi8bIu6Lhuy8Ci9bdA.hmIr1JNmw/Hu3XxYPKHrmdxbl8drCFK	\N	\N	f	2025-11-09 06:32:12.864	2025-10-10 06:32:12.864
703ee046-926c-481b-97bc-e70bef03877b	a6b4e3f4-add1-48a4-a979-6e3c603e6950	$2a$10$rszHrL1PaXMNPDoZ/MnOZ.WOjH4sw8gjN8rfFQOsoI30PM4JsP9pS	Mozilla/5.0 (Macintosh; Intel Mac OS X 10_15_7) AppleWebKit/605.1.15 (KHTML, like Gecko) Version/18.5 Safari/605.1.15	127.0.0.1	t	2025-11-09 06:33:57.73	2025-10-10 06:33:57.731
8cad2403-1275-4da7-861c-9408a105f678	a6b4e3f4-add1-48a4-a979-6e3c603e6950	$2a$10$Pgd19Ku3rX0fZl26U6TJv.SrqPTMvzI/XMVjyjdHbwo2eK/dDd2dW	\N	\N	t	2025-10-29 03:27:25.21	2025-09-29 03:27:25.21
8692e821-7d16-4f4b-87cf-e57558652613	a6b4e3f4-add1-48a4-a979-6e3c603e6950	$2a$10$Zq9CnhTqPpBG6Sj8ygzEVOX1lDaLcAR0pu50lmyDPNJDPuJImmlQ2	\N	\N	t	2025-10-29 10:40:28.681	2025-09-29 10:40:28.681
bf45c4d4-27f1-42d6-b9c5-648a2d817689	a6b4e3f4-add1-48a4-a979-6e3c603e6950	$2a$10$3VtGNnliYWQBX.XEKGr6l.8TG2xrJ9p8v4keEXlRVtd4I8bb6MnZe	\N	\N	t	2025-10-29 03:27:25.151	2025-09-29 03:27:25.151
5b203328-9525-4a03-bc9f-f06ad86db9a0	a6b4e3f4-add1-48a4-a979-6e3c603e6950	$2a$10$wMXQjB1R12rzRgJimjqsmOvHOYjbYWpQIKOp5YMRXaqnb0sOkm6Ju	\N	\N	t	2025-11-07 08:01:46.667	2025-10-08 08:01:46.668
e8ebef81-98a6-4146-890f-5aa37ab57f5c	a6b4e3f4-add1-48a4-a979-6e3c603e6950	$2a$10$Gfu2O3yE79Yf/xusgUEMLOmHJBKoN/3gruWdoIH3dId4NjXk5iOvS	\N	\N	t	2025-11-07 08:01:46.606	2025-10-08 08:01:46.606
6b720b1d-3c37-4989-82af-fb80d0a3eee1	a6b4e3f4-add1-48a4-a979-6e3c603e6950	$2a$10$NcBCrEEszHQO.VBUXbw3ve6kJaVTe/OTwY9ItpsloBK7bwbMyy3Di	\N	\N	f	2025-11-09 06:32:12.863	2025-10-10 06:32:12.864
36d3a0e7-c3c0-401e-bd0f-ae1e7bf3a4e0	a6b4e3f4-add1-48a4-a979-6e3c603e6950	$2a$10$fJWyHv.9p.yOs15yHEtSeeoXBM54Mi.cFrFHwofeerTZMp7D1Vwpy	\N	\N	t	2025-10-29 03:44:00.821	2025-09-29 03:44:00.822
2d2b249e-02e0-4982-b699-7ca0a5e0277c	a6b4e3f4-add1-48a4-a979-6e3c603e6950	$2a$10$hCefFjGIpZjja5popWZobuUpmG/sAgXxp/BiMU3IPuoPV/LIP/hJW	\N	\N	t	2025-10-29 03:44:01.525	2025-09-29 03:44:01.526
7aac62e5-81e8-46b9-9195-1e68f8022478	a6b4e3f4-add1-48a4-a979-6e3c603e6950	$2a$10$w2ZHgneMjV39ST.d3yB1gu1.r/Q70tq00IbWVHEFSz3ZESsWmjlAG	\N	\N	t	2025-10-29 14:40:26.897	2025-09-29 14:40:26.898
114e61f1-737f-41af-8f2d-7e36c74507c8	a6b4e3f4-add1-48a4-a979-6e3c603e6950	$2a$10$XBzMkX1RHmrwAtr/4TbA0eLtVZEK4OCYGA/ZoXRwoj9h48SPqEJme	\N	\N	t	2025-10-29 03:44:00.762	2025-09-29 03:44:00.763
900b6b4f-b42d-49b9-a03c-1d9e9b21607b	a6b4e3f4-add1-48a4-a979-6e3c603e6950	$2a$10$d9GzWiwd0Aslnav7jtE1gOtZxp/otXskWB89mQqOtNy.heLYaqwoa	\N	\N	t	2025-10-29 03:44:01.465	2025-09-29 03:44:01.465
9b0c4d55-cd59-4340-a013-a0dbe0d764d5	a6b4e3f4-add1-48a4-a979-6e3c603e6950	$2a$10$Lj6jbtNXJFOQ7lZFlvh7PeMWsLOMPBORsrhddAQsiH96fHIRyM0xO	Mozilla/5.0 (Macintosh; Intel Mac OS X 10_15_7) AppleWebKit/605.1.15 (KHTML, like Gecko) Version/18.5 Safari/605.1.15	127.0.0.1	t	2025-11-07 08:17:48.33	2025-10-08 08:17:48.33
1494155b-545c-4830-a1e1-7c59e580449b	a6b4e3f4-add1-48a4-a979-6e3c603e6950	$2a$10$BVpKzdjdXY6.TxoLNpyPmegeKnq11COv/WcqU0X82cEpEy.YQAjW.	\N	\N	t	2025-11-07 08:17:44.704	2025-10-08 08:17:44.704
a70b8a62-ff1f-4f2e-bfa7-83d17746b582	a6b4e3f4-add1-48a4-a979-6e3c603e6950	$2a$10$5aobyqSr..dEJfWuopirDOKUUzMN1lMrTf6LLjTXPSfTrS1eKbDUO	\N	\N	f	2025-11-09 06:32:12.864	2025-10-10 06:32:12.864
74c1ba07-aeb8-4463-83da-df92b8db90d7	a6b4e3f4-add1-48a4-a979-6e3c603e6950	$2a$10$/ePZETLxqmTH3gBgHs4OUOxJy5c84ioUUGI99yYZoZ7dTvN4B3TX6	\N	\N	f	2025-11-09 06:32:12.941	2025-10-10 06:32:12.942
6b9b17ca-58b9-4532-8839-1ec3ca26c81e	a6b4e3f4-add1-48a4-a979-6e3c603e6950	$2a$10$EpObKT4rWg.NDG0wQcCkOeKIAjC0eKiSgVxDyw5mFqure3s3jwbN2	\N	\N	t	2025-10-29 14:40:26.897	2025-09-29 14:40:26.898
8cc7fb5a-e829-4ff5-9eb1-59f3492f1dc4	a6b4e3f4-add1-48a4-a979-6e3c603e6950	$2a$10$QjfyQ/aein.fghLjMefyd.2/fz8kVVqdDLSAdEKOwqslfXzNSZ8IG	\N	\N	t	2025-10-29 04:33:11.937	2025-09-29 04:33:11.938
c6afcbd6-4e2c-4ed6-83b7-6931a7671c45	a6b4e3f4-add1-48a4-a979-6e3c603e6950	$2a$10$hpFFNrtthromF8EHLZTtFeC3kTApTRytYUq8jBq9ifvk7utRhMIIi	\N	\N	t	2025-10-29 04:33:11.875	2025-09-29 04:33:11.875
e744fa4c-003c-4326-a839-d3eb86f1a89e	a6b4e3f4-add1-48a4-a979-6e3c603e6950	$2a$10$Xi46q2L0mvAznxxEDytWsOEBcMuSx4wNAVX.SLeqSO5SWvFroP67i	\N	\N	t	2025-11-07 08:17:44.703	2025-10-08 08:17:44.704
8b232819-0d7d-40f3-9e9e-89a41c22832d	a6b4e3f4-add1-48a4-a979-6e3c603e6950	$2a$10$o2SZp9UkYXLaxG9I6XJcSuYnllQFDUmCHkumzl3bqfTOZeUTiyuvC	\N	\N	f	2025-11-09 07:00:13.291	2025-10-10 07:00:13.292
da27a16e-3ae9-4e69-89af-bc7d9dfc3720	a6b4e3f4-add1-48a4-a979-6e3c603e6950	$2a$10$blsAAo0IYrU7epHTTzgzwObg6mTMToovqtLyKvmdJJy5NwhAEHVOi	\N	\N	t	2025-11-09 07:00:13.358	2025-10-10 07:00:13.359
ebbbe8ab-8789-4b1d-86a6-a5867edb06c7	a6b4e3f4-add1-48a4-a979-6e3c603e6950	$2a$10$iNWzfCBtxu9v611dV.sjFe54PHp69s4HmcjHIm7KD8r8qpePqMLMi	\N	\N	t	2025-10-29 04:55:46.551	2025-09-29 04:55:46.552
5a1ed4f8-5c15-4429-a412-86867608dee8	a6b4e3f4-add1-48a4-a979-6e3c603e6950	$2a$10$YCt.uDjXO1hkCNDTbw9jseG3.0BKXSyXcqkVUY6fETiqnmJPfmxMi	\N	\N	t	2025-11-07 08:33:20.794	2025-10-08 08:33:20.795
42e061f5-6fc7-47f3-9aa8-527cbe997012	a6b4e3f4-add1-48a4-a979-6e3c603e6950	$2a$10$2ZlpY28qR6vj1FeACXukg.TDRvge9JyzOBJEymqbt96A8muaujboy	\N	\N	t	2025-11-07 08:33:20.733	2025-10-08 08:33:20.734
7f13cb5a-3576-4dcb-9fb3-5da8751af6ef	a6b4e3f4-add1-48a4-a979-6e3c603e6950	$2a$10$YL2h/XGr7e4ExgZkVThvKO/61.Co3sLvjt89rMGRDz2UnEjDdfUt6	\N	\N	f	2025-11-09 07:17:48.8	2025-10-10 07:17:48.8
204dec75-6bb9-4b13-aaaf-1fe61db5a885	a6b4e3f4-add1-48a4-a979-6e3c603e6950	$2a$10$NqTai81HudfTp7VU.iWI3ekdk/ZjWJQ.DXMFV1tV2jV.P9LmgtpBu	\N	\N	t	2025-10-29 15:07:25.232	2025-09-29 15:07:25.233
6bcb0a7b-958c-4438-ba0d-5de7fccee126	a6b4e3f4-add1-48a4-a979-6e3c603e6950	$2a$10$nr4OB8O2fHp.Fj9D69ye0eDvX12eEQ/1D5iazc3chiXE0v7d6V6zi	\N	\N	t	2025-10-29 04:55:46.488	2025-09-29 04:55:46.488
8b5a3bc2-7eab-470a-b5ec-dcddbbe9073d	a6b4e3f4-add1-48a4-a979-6e3c603e6950	$2a$10$y4zYYBCgIVJBaPJbJV8P8Oa.37Dtrt9lkcp.c8VFzEiSS5Ccjhjle	\N	\N	t	2025-10-29 15:07:25.232	2025-09-29 15:07:25.233
e02720e2-194d-4633-9d06-8b9ca71c47f7	a6b4e3f4-add1-48a4-a979-6e3c603e6950	$2a$10$MO4sInb7CVWPPJ4ep2DQg.TdSt9WAs0ipDrGcUSPEw6QyjFkvUD5u	\N	\N	t	2025-11-09 07:17:48.87	2025-10-10 07:17:48.87
cea17166-0411-451c-9e34-e002461c2d3c	a6b4e3f4-add1-48a4-a979-6e3c603e6950	$2a$10$HGz9as69fjJE/V4lUZxckeimd9XZkXWyYAUi/LpjT9S5w0x5qy.qm	\N	\N	t	2025-11-07 08:48:36.097	2025-10-08 08:48:36.097
20214f24-b0f4-463b-9bab-e3ff8189b49f	a6b4e3f4-add1-48a4-a979-6e3c603e6950	$2a$10$5sGTNg13lbHC7Ui0H4m6LOkvZ/748Wmp/Ozp/v0YD0I85CxTj9UZW	\N	\N	t	2025-11-07 08:48:36.034	2025-10-08 08:48:36.035
003f24f5-6181-4d8c-8228-0c209fce6514	a6b4e3f4-add1-48a4-a979-6e3c603e6950	$2a$10$p8j.MzbK6152DJ3mmhG.huB29lRN1eGQQe4icTBcUpTuV72K8gQ62	\N	\N	f	2025-11-09 07:49:31.483	2025-10-10 07:49:31.484
904f1e6f-6bab-43c9-9a79-b4d7d2167fc1	a6b4e3f4-add1-48a4-a979-6e3c603e6950	$2a$10$IuKUEV.hKiD1VbzQbFczx.ZSah3xNlYbzKkK0FjfycnOKyZq9LoPK	\N	\N	t	2025-10-29 06:01:57.42	2025-09-29 06:01:57.42
a746483a-74e8-40e4-8957-32780ff05116	a6b4e3f4-add1-48a4-a979-6e3c603e6950	$2a$10$F2x6T30r0rxUS2b7e2/rzeG75KLCIvZqERyA8HXzmZejEc6j1mSC6	\N	\N	t	2025-11-09 07:49:31.55	2025-10-10 07:49:31.551
553fd0c1-a83e-4939-bbca-ae80dc2c5ae4	a6b4e3f4-add1-48a4-a979-6e3c603e6950	$2a$10$a1woVtQs6rNzUfgMRS96me7UAglfI5fd3vApYSVt4mJ/O9yV35bVC	\N	\N	t	2025-10-29 15:35:14.167	2025-09-29 15:35:14.168
0444ba1b-7a38-46fa-be1c-18f9c458a85e	a6b4e3f4-add1-48a4-a979-6e3c603e6950	$2a$10$3xV.pCdzvGvUZXBdM/QpAePJa.kfXpaZXoowFJ7XlmuQV0oJ7y37G	\N	\N	t	2025-10-29 06:01:57.36	2025-09-29 06:01:57.36
238b9ed3-cdbf-4b6b-b4ac-dc1370b0d274	a6b4e3f4-add1-48a4-a979-6e3c603e6950	$2a$10$d21Ecd0mZarTRIIyR3F4T.lE7eZBErWKNV43w8xwuXBSeeRoOh.dK	\N	\N	t	2025-10-29 15:35:13.861	2025-09-29 15:35:13.861
53616fc6-2587-49c8-9670-783d9cfb9fe4	a6b4e3f4-add1-48a4-a979-6e3c603e6950	$2a$10$OC8RUNu.p4e9mAfQOW.5CueeMYVqBTkkQ6bFXs97JPtrlLNVCenHm	\N	\N	t	2025-10-29 15:35:14.167	2025-09-29 15:35:14.168
5b3979bc-b014-42a8-a38a-843436c58ce6	a6b4e3f4-add1-48a4-a979-6e3c603e6950	$2a$10$bjBDViyZWEI.ahXkDe5yfu9AciZ94QnTAjHo4mTg6mvlJiYLm1Bq6	\N	\N	t	2025-11-07 09:05:40.528	2025-10-08 09:05:40.529
0d6b57b5-f16a-4807-8d75-e94cbcabca45	a6b4e3f4-add1-48a4-a979-6e3c603e6950	$2a$10$pcaYnW14HZ5lB2ne4jDJSuvb3Wmqoj27qvAnlSBibk5sasAp6WxBS	\N	\N	t	2025-11-09 08:04:57.281	2025-10-10 08:04:57.281
92b00bc7-7ba1-41fb-a342-959d5b6669fa	a6b4e3f4-add1-48a4-a979-6e3c603e6950	$2a$10$9qCjXICUoALKQYyEdo51d.SxI6CCNQ2lv6WLwHmHnRUWFd7Rj2wHi	\N	\N	t	2025-10-29 15:35:14.167	2025-09-29 15:35:14.168
77112395-ecb8-44e0-8b99-55d92342546f	a6b4e3f4-add1-48a4-a979-6e3c603e6950	$2a$10$cNPDWcpOupMTeCZ0XVGD7ea3rMkkaZlvFVV1sip1A7rV6cN0Wt982	\N	\N	t	2025-11-07 09:23:23.265	2025-10-08 09:23:23.266
809532e9-de0a-4f10-ab71-f0fadc042d72	a6b4e3f4-add1-48a4-a979-6e3c603e6950	$2a$10$bLYemPyAnTQ04YfKpzRpROZyczV1j28tnp53qqxMta8Czg6s9e5FW	\N	\N	t	2025-11-07 09:23:23.202	2025-10-08 09:23:23.203
936a688d-c9aa-4fcf-8cdb-83b919742f7d	a6b4e3f4-add1-48a4-a979-6e3c603e6950	$2a$10$uHrmUU3rFrcnwUQ8hQuJO./Pg5sIxjvad/o4SF8FDtc6h4EY8Corq	\N	\N	f	2025-11-09 08:23:21.449	2025-10-10 08:23:21.45
1e1b712c-291c-4e6b-9627-b1c626b1fbee	a6b4e3f4-add1-48a4-a979-6e3c603e6950	$2a$10$EY987SjDTrJ5ZJsav3utTe7ImNRvlrH1c/JJifFtBLx5SQH9b9DnG	\N	\N	f	2025-11-09 08:23:21.515	2025-10-10 08:23:21.516
eeccdde8-9e42-4184-82dc-a6a8c4de79c0	a6b4e3f4-add1-48a4-a979-6e3c603e6950	$2a$10$DCUzddpbnkvdvQPi6Uabu.lSi6D2JGx2Q3FsPdl98xv.LVk9/LxZq	\N	\N	t	2025-10-29 15:35:14.167	2025-09-29 15:35:14.168
2b41ed27-c8e0-4e09-8e93-79769fe98001	a6b4e3f4-add1-48a4-a979-6e3c603e6950	$2a$10$lta5SRtNq6p/YxOMkgtLWOg9mjLaFGQ/.ng.xZXd8YzZCruYeGxNG	\N	\N	t	2025-11-07 09:40:09.252	2025-10-08 09:40:09.252
e7b4728f-118b-4b9a-ba95-dfb9949dc21b	a6b4e3f4-add1-48a4-a979-6e3c603e6950	$2a$10$gZg1kkxnjZzHHm6cDjv.Q.mxA8.D5Jv4OFzTdxH0nUH.i8SKWnFlC	\N	\N	t	2025-11-07 09:40:09.19	2025-10-08 09:40:09.191
f60f046b-f82f-4b2e-bd45-eb65ff1fbc42	a6b4e3f4-add1-48a4-a979-6e3c603e6950	$2a$10$NnRRsZQyPgO5Ko5U.WyfI.DILlQ764utkqH7GVNKhSw997/nTIgtK	\N	\N	t	2025-10-29 15:35:14.167	2025-09-29 15:35:14.168
786b82b4-5d47-4164-8a90-49af760e559e	a6b4e3f4-add1-48a4-a979-6e3c603e6950	$2a$10$5PyZigA79j5f6YL5MIuqU.nxnMpbg3TSuaM0tMdIKPse2cyZHyHJy	\N	\N	t	2025-11-08 05:53:02.406	2025-10-09 05:53:02.407
856f4c4b-7e09-415f-9b28-ca54ad203848	a6b4e3f4-add1-48a4-a979-6e3c603e6950	$2a$10$lzMgg/9Zs15A3BmbSvNnpuKHMCa90R.rI/f6chCmjUSGyS.N6GIVm	\N	\N	t	2025-11-08 05:53:02.346	2025-10-09 05:53:02.347
67aef8e4-84ae-42ad-955e-0600f4c535c2	a6b4e3f4-add1-48a4-a979-6e3c603e6950	$2a$10$LJgk6hwjsW1p3azLlykjuuR..O.u0ss5bVeGYdzHztkkGSKFarHZ.	\N	\N	t	2025-10-29 15:59:48.827	2025-09-29 15:59:48.828
2bfa8e82-f4c8-4f51-955c-ad94b3718eed	a6b4e3f4-add1-48a4-a979-6e3c603e6950	$2a$10$AdPGRJEowXRRPWIY9zPOoe3nzf67wzsnr84xdINT.RSErjxJLq1ue	\N	\N	t	2025-11-08 06:22:16.58	2025-10-09 06:22:16.581
9bbdf66c-d9ed-48e7-b5b9-745fd9c44608	a6b4e3f4-add1-48a4-a979-6e3c603e6950	$2a$10$ZNhgFb.A5lCgxwn1WNgtfu331lIrthe3EhSBDjJnUHlvPCCln/HBu	\N	\N	t	2025-11-08 06:22:16.519	2025-10-09 06:22:16.519
b445a440-465f-4743-b8b3-b4ca6e796940	a6b4e3f4-add1-48a4-a979-6e3c603e6950	$2a$10$c2hf6sBMg5czB0XIpcn38uEjqKPgjCMX550qsS3gS68g/GznL.2Pu	\N	\N	t	2025-10-29 17:06:59.25	2025-09-29 17:06:59.251
a98c5e3a-1c23-486c-8f90-d89ed5f8e1b8	a6b4e3f4-add1-48a4-a979-6e3c603e6950	$2a$10$g7EVMZCqoK2M2GiYjIhn/OyCpg8RF3RBXjqpSrCkI8/6uQSYEeizm	\N	\N	t	2025-11-08 07:10:32.551	2025-10-09 07:10:32.552
2c15fb34-f22c-4191-9049-fd012749fde8	a6b4e3f4-add1-48a4-a979-6e3c603e6950	$2a$10$BkToDWNNZZIPhy2mFCcEr.xb0X6NRig5LT.OAlDUuSZ8Tr4sVwqnC	\N	\N	t	2025-11-08 07:10:32.551	2025-10-09 07:10:32.552
b5c37be9-de23-4a00-bf22-015750adee25	a6b4e3f4-add1-48a4-a979-6e3c603e6950	$2a$10$/gW3u5XTg7nhcVuBOnpu9OAT7E463mrvgpRDgJrMWyMelwK6GfZL.	\N	\N	t	2025-10-29 17:06:59.25	2025-09-29 17:06:59.251
3fce1592-6c84-45cf-a10d-397a7b6bf1cb	a6b4e3f4-add1-48a4-a979-6e3c603e6950	$2a$10$5D.xhO5LXsG9r67/YZC3c.AsQwOeSwD7gJSm0BebpY9rXiaeoTEby	\N	\N	t	2025-11-08 07:36:55.281	2025-10-09 07:36:55.281
3b49483d-c780-4307-99f5-5f99728110df	a6b4e3f4-add1-48a4-a979-6e3c603e6950	$2a$10$732p2HzPU/nhJ/aIcWfNbOtAczwNObgSACLfj./e2mlx6nE4MPb1K	\N	\N	t	2025-11-08 07:36:55.218	2025-10-09 07:36:55.219
3123f680-8fc8-4e02-83fd-def9370262bd	a6b4e3f4-add1-48a4-a979-6e3c603e6950	$2a$10$DOLil3kBYuMH08/2gkbeQu.ab2MP9TIC2KNueGuOLSTFGFaVIVnsm	\N	\N	t	2025-10-29 17:22:03.122	2025-09-29 17:22:03.123
99d38706-ede3-4a8b-8dac-bff6b4a89c96	a6b4e3f4-add1-48a4-a979-6e3c603e6950	$2a$10$HH.L7nLEQ9B1zwX03tyKjeI2ogSz40uHt/YTQNvSssnUdbQWp9Z0i	\N	\N	t	2025-10-28 13:57:11.353	2025-09-28 13:57:11.353
22ec7ecf-77b7-4387-97e1-e4ec169f8bd4	a6b4e3f4-add1-48a4-a979-6e3c603e6950	$2a$10$cNdPYQv82MkD6tasq8ydvuyNqCx/rQquot3melCnGAqqUf2BLAorW	\N	\N	t	2025-10-28 13:57:11.415	2025-09-28 13:57:11.416
eb99562b-05ac-4bcd-baf9-13308f9ac1a3	a6b4e3f4-add1-48a4-a979-6e3c603e6950	$2a$10$kttlxHMSShxr7ewOn3Wnce1QSVrj5Z2I99iPZXCkhDnZ3kqlG8G5K	\N	\N	t	2025-11-08 08:16:38.33	2025-10-09 08:16:38.33
477ca198-aac5-44c3-bae8-726feff538d2	a6b4e3f4-add1-48a4-a979-6e3c603e6950	$2a$10$TxhCVR0neOpctMJntL88POc2JR2k48KFnXQyK.aH.cRuq3CspaWSS	\N	\N	t	2025-11-08 08:16:38.269	2025-10-09 08:16:38.269
\.


--
-- PostgreSQL database dump complete
--

